INSERT INTO Unidade (nome, cidade, estado, pais, predio, bloco) VALUES
('Instituto de Ciências Matemáticas e de Computação', 'São Carlos', 'SP', 'Brasil', 'ICMC', '1'),
('Instituto de Física de São Carlos', 'São Carlos', 'SP', 'Brasil', 'IFSC', '2'),
('Instituto de Química de São Carlos', 'São Carlos', 'SP', 'Brasil', 'IQSC', '3'),
('Escola de Engenharia de São Carlos', 'São Carlos', 'SP', 'Brasil', 'EESC', '4'),
('Instituto de Arquitetura e Urbanismo', 'São Carlos', 'SP', 'Brasil', 'IAU', '5'),
('Centro de Educação Básica', 'São Carlos', 'SP', 'Brasil', 'CEB', '6'),
('Centro de Humanidades', 'São Carlos', 'SP', 'Brasil', 'CHUM', '7'),
('Campus São Carlos', 'São Carlos', 'SP', 'Brasil', 'Administrativo', 'Central'),
('Campus Araraquara', 'Araraquara', 'SP', 'Brasil', 'Principal', '1'),
('Campus Ribeirão Preto', 'Ribeirão Preto', 'SP', 'Brasil', 'Central', 'A'),
('Campus Campinas', 'Campinas', 'SP', 'Brasil', 'Tecnológico', 'B'),
('Biblioteca Central', 'São Carlos', 'SP', 'Brasil', 'Biblioteca', '8'),
('Laboratórios de Pesquisa', 'São Carlos', 'SP', 'Brasil', 'Labs', '3'),
('Centro Esportivo', 'São Carlos', 'SP', 'Brasil', 'Ginásio', '-'),
('Restaurante Universitário', 'São Carlos', 'SP', 'Brasil', 'RU', '1'),
('Auditório Principal', 'São Carlos', 'SP', 'Brasil', 'Auditório', '3'),
('Centro de Convenções', 'São Carlos', 'SP', 'Brasil', 'CC', '2'),
('Núcleo de Empreendedorismo', 'São Carlos', 'SP', 'Brasil', 'NE', '1'),
('Centro de Tecnologia', 'São Carlos', 'SP', 'Brasil', 'CT', '4'),
('Laboratório de Informática', 'São Carlos', 'SP', 'Brasil', 'LAB-INF', '3'),
('Sala de Estudos', 'São Carlos', 'SP', 'Brasil', 'SE', '2'),
('Laboratório de Química', 'São Carlos', 'SP', 'Brasil', 'LAB-QUI', '5');

INSERT INTO Departamento (Nome, CodigoDepartamento, ProfessorChefe_Nome, ProfessorChefe_Sobrenome, ProfessorChefe_Telefone) VALUES
('Departamento de Computação', 'ICMC-COMP', 'Henrique', 'Moura', '3188095701'),
('Departamento de Física Teórica', 'IFSC-TEO', 'Guilherme', 'Farias', '8484969653'),
('Departamento de Química Analítica', 'IQSC-ANA', 'Maria Luiza', 'Costa', '3000586518'),
('Departamento de Engenharia Elétrica', 'EESC-ELE', 'Anthony', 'Silveira', '7113678377'),
('Departamento de Engenharia Mecânica', 'EESC-MEC', 'Lorena', 'da Mota', '5176320163'),
('Departamento de Engenharia Civil', 'EESC-CIV', 'Ricardo', 'Mendes', '1923456788'),
('Departamento de Arquitetura', 'IAU-VIS', 'Juliana', 'Souza', '4123456788'),
('Departamento de Química Orgânica', 'IQSC-ORG', 'Patricia', 'Gomes', '1187654322'),
('Departamento de Física Experimental', 'IFSC-EXP', 'Vitor', 'da Costa', '1116658760'),
('Departamento de Matemática Aplicada', 'MAT-APL', 'Clarice', 'Lima', '8156482366'),
('Departamento de Estatística', 'ESTAT', 'Francisco', 'Jesus', '5151079911'),
('Departamento de Biotecnologia', 'BIOTECH', 'Patricia', 'Gomes', '1187654322'),
('Departamento de Educação Básica', 'EDU-BAS', 'Luiz Henrique', 'Nascimento', '6137556464'),
('Departamento de Humanidades', 'EDU-HUM', 'Roberto', 'Almeida', '1134567891'),
('Departamento de Computação Gráfica', 'COM-GRAF', 'Yasmin', 'Dias', '2103654145'),
('Departamento de Inteligência Artificial', 'IA-TEC', 'Henrique', 'Moura', '3188095701'),
('Departamento de Física Médica', 'FIS-MED', 'Vitor', 'da Costa', '1116658760'),
('Departamento de Desenho Urbano', 'IAU-TEO', 'Juliana', 'Souza', '4123456788'),
('Departamento de Probabilidade e Estatística', 'PROB-EST', 'Luiz Henrique', 'Nascimento', '6137556464'),
('Departamento de Álgebra Linear', 'ALG-LIN', 'Clarice', 'Lima', '8156482366'),
('Departamento de Ciência de Dados', 'CID-TEC', 'Henrique', 'Moura', '3188095701'),
('Departamento de Física Computacional', 'FIS-COMP', 'Guilherme', 'Farias', '8484969653'),
('Departamento de Programação Científica', 'PROG-CIENT', 'Lucas', 'Freitas', '8438299737'),
('Departamento de Lógica Computacional', 'LOG-COMP', 'Henrique', 'Moura', '3188095701');

INSERT INTO Usuarios (Nome, Sobrenome, Telefone, DataNascimento, Pais, Estado, Cidade, Bairro, Rua, Numero, Sexo, Email, Senha, Tipo) VALUES
('Luiza', 'Correia', '4143321819', '1993-03-03', 'Brasil', 'SP', 'São Carlos', 'Esperança', 'Alameda Carvalho', '123', 'F', 'luiza.correia@email.com', 'luiza123', 'Professor'),
('Isabelly', 'da Mota', '8403413164', '1995-04-25', 'Brasil', 'SP', 'São Carlos', 'Mariquinhas', 'Núcleo de da Cruz', '456', 'F', 'isabelly.damota@email.com', 'isabelly123', 'Professor'),
('Guilherme', 'Farias', '8484969653', '1973-11-15', 'Brasil', 'SP', 'São Carlos', 'Vila Rica', 'Residencial de Carvalho', '789', 'M', 'guilherme.farias@email.com', 'guilherme123', 'Professor'),
('Henrique', 'Moura', '3188095701', '1989-02-27', 'Brasil', 'SP', 'Ribeirão Preto', 'Santo Agostinho', 'Feira Carlos Eduardo Duarte', '101', 'M', 'henrique.moura@email.com', 'henrique123', 'Professor'),
('Lucas', 'Freitas', '8438299737', '1992-02-28', 'Brasil', 'SP', 'Campinas', 'Vila Dos Anjos', 'Colônia Castro', '202', 'M', 'lucas.freitas@email.com', 'lucas123', 'Professor'),
('Carolina', 'Rocha', '1160260647', '1983-11-14', 'Brasil', 'SP', 'São Carlos', 'Conjunto Califórnia Ii', 'Vila Nicole Rodrigues', '303', 'F', 'carolina.rocha@email.com', 'carolina123', 'Professor'),
('Francisco', 'Jesus', '5151079911', '2001-01-16', 'Brasil', 'SP', 'Araraquara', 'Céu Azul', 'Rodovia Ferreira', '404', 'M', 'francisco.jesus@email.com', 'francisco123', 'Professor'),
('Luiza', 'Ferreira', '3178680112', '2001-08-02', 'Brasil', 'SP', 'Araraquara', 'Cônego Pinheiro 2ª Seção', 'Núcleo Vieira', '505', 'F', 'luiza.ferreira@email.com', 'luiza123', 'Professor'),
('Yasmin', 'Dias', '2103654145', '1999-02-15', 'Brasil', 'SP', 'Ribeirão Preto', 'Nova Suíça', 'Viela Esther Melo', '606', 'F', 'yasmin.dias@email.com', 'yasmin123', 'Professor'),
('Clarice', 'Lima', '8156482366', '1976-04-20', 'Brasil', 'SP', 'Araraquara', 'Nossa Senhora De Fátima', 'Travessa de Jesus', '707', 'F', 'clarice.lima@email.com', 'clarice123', 'Professor'),
('Lorena', 'da Mota', '5176320163', '1976-06-05', 'Brasil', 'SP', 'Ribeirão Preto', 'Baleia', 'Rua de Rezende', '808', 'F', 'lorena.damota@email.com', 'lorena123', 'Professor'),
('Vitor', 'da Costa', '1116658760', '1978-07-14', 'Brasil', 'SP', 'Ribeirão Preto', 'Sagrada Família', 'Parque Sophia Aragão', '909', 'M', 'vitor.dacosta@email.com', 'vitor123', 'Professor'),
('Luiz Henrique', 'Nascimento', '6137556464', '1970-01-12', 'Brasil', 'SP', 'São Carlos', 'Barão Homem De Melo 1ª Seção', 'Alameda Rafaela Viana', '1010', 'M', 'luizhenrique.nascimento@email.com', 'luiz123', 'Professor'),
('Maria Luiza', 'Costa', '3000586518', '1987-09-06', 'Brasil', 'SP', 'São Carlos', 'Camargos', 'Pátio Rodrigues', '1111', 'F', 'marialuiza.costa@email.com', 'marialuiza123', 'Professor'),
('Anthony', 'Silveira', '7113678377', '1994-12-16', 'Brasil', 'SP', 'Campinas', 'Estrela Do Oriente', 'Chácara Gonçalves', '1212', 'M', 'anthony.silveira@email.com', 'anthony123', 'Professor'),
('João Gabriel', 'Jesus', '2182400842', '1997-11-11', 'Brasil', 'SP', 'Araraquara', 'Pompéia', 'Aeroporto Gomes', '1313', 'M', 'joaogabriel.jesus@email.com', 'joao123', 'Aluno'),
('Paulo', 'Caldeira', '8001334123', '1976-04-15', 'Brasil', 'SP', 'Campinas', 'Acaba Mundo', 'Campo de da Cruz', '1414', 'M', 'paulo.caldeira@email.com', 'paulo123', 'Aluno'),
('Marcelo', 'Santos', '7177190659', '1981-06-30', 'Brasil', 'SP', 'Ribeirão Preto', 'Vila Independencia 2ª Seção', 'Chácara Dias', '1515', 'M', 'marcelo.santos@email.com', 'marcelo123', 'Aluno'),
('Alícia', 'Barros', '7185977034', '2001-10-31', 'Brasil', 'SP', 'São Carlos', 'Santo Antônio', 'Lago Pires', '1616', 'F', 'alicia.barros@email.com', 'alicia123', 'Aluno'),
('Rodrigo', 'Santos', '8104499727', '2001-02-09', 'Brasil', 'SP', 'Ribeirão Preto', 'Vila Santo Antônio', 'Morro Raul Vieira', '1717', 'M', 'rodrigo.santos@email.com', 'rodrigo123', 'Aluno'),
('Maitê', 'Cardoso', '7186578091', '1980-06-08', 'Brasil', 'SP', 'São Carlos', 'Eymard', 'Viela de Gomes', '1818', 'F', 'maite.cardoso@email.com', 'maite123', 'Aluno'),
('Ian', 'Cardoso', '3159464743', '1990-08-21', 'Brasil', 'SP', 'Campinas', 'Sport Club', 'Colônia Lucas Nascimento', '1919', 'M', 'ian.cardoso@email.com', 'ian123', 'Aluno'),
('João Felipe', 'da Paz', '8185884247', '1984-07-17', 'Brasil', 'SP', 'São Carlos', 'Pirineus', 'Loteamento de Correia', '2020', 'M', 'joaofelipe.dapaz@email.com', 'joaofelipe123', 'Aluno'),
('Guilherme', 'Barbosa', '5147113826', '1995-05-01', 'Brasil', 'SP', 'Araraquara', 'Nova Gameleira', 'Viaduto Pietra Viana', '2121', 'M', 'guilherme.barbosa@email.com', 'guilherme123', 'Aluno'),
('Carlos', 'Silva', '1134567899', '1985-03-12', 'Brasil', 'SP', 'São Carlos', 'Centro', 'Rua da Administração', '2222', 'M', 'carlos.silva@email.com', 'carlos123', 'Funcionario'),
('Ana', 'Santos', '1187654329', '1978-07-20', 'Brasil', 'SP', 'Campinas', 'Vila Nova', 'Avenida dos Funcionários', '2323', 'F', 'ana.santos@email.com', 'ana123', 'Funcionario'),
('Roberto', 'Oliveira', '1923456787', '1982-11-08', 'Brasil', 'SP', 'Ribeirão Preto', 'Jardim Paulista', 'Rua do Expediente', '2424', 'M', 'roberto.oliveira@email.com', 'roberto123', 'Funcionario'),
('Fernanda', 'Lima', '4123456787', '1990-05-15', 'Brasil', 'SP', 'São Carlos', 'Vila Mariana', 'Rua dos Servidores', '2525', 'F', 'fernanda.lima@email.com', 'fernanda123', 'Funcionario'),
('Pedro', 'Costa', '4787654329', '1975-09-03', 'Brasil', 'SP', 'Araraquara', 'Centro Histórico', 'Praça da Gestão', '2626', 'M', 'pedro.costa@email.com', 'pedro123', 'Funcionario'),
('Patricia', 'Gomes', '1187654322', '1985-08-10', 'Brasil', 'SP', 'São Carlos', 'Vila Monteiro', 'Rua dos Professores', '1313', 'F', 'patricia.gomes@email.com', 'patricia123', 'Professor'),
('Roberto', 'Almeida', '1134567891', '1979-12-05', 'Brasil', 'SP', 'Ribeirão Preto', 'Centro', 'Avenida dos Bandeirantes', '1414', 'M', 'roberto.almeida@email.com', 'roberto123', 'Professor'),
('Marcos', 'Lima', '4787654322', '1982-03-18', 'Brasil', 'SP', 'São Carlos', 'Jardim Paulista', 'Rua da Geometria', '1515', 'M', 'marcos.lima@email.com', 'marcos123', 'Professor'),
('Ricardo', 'Mendes', '1923456788', '1977-09-25', 'Brasil', 'SP', 'Campinas', 'Taquaral', 'Rua das Engenharias', '1616', 'M', 'ricardo.mendes@email.com', 'ricardo123', 'Professor'),
('Juliana', 'Souza', '4123456788', '1980-11-30', 'Brasil', 'SP', 'São Carlos', 'Santa Mônica', 'Avenida da Arquitetura', '1717', 'F', 'juliana.souza@email.com', 'juliana123', 'Professor'),
('Renato', 'Ferraz', '1143216789', '1975-05-14', 'Brasil', 'SP', 'São Carlos', 'Cidade Jardim', 'Rua dos Cientistas', '1818', 'M', 'renato.ferraz@email.com', 'renato123', 'Professor'),
('Camila', 'Nogueira', '1987654321', '1988-07-22', 'Brasil', 'SP', 'Ribeirão Preto', 'Vila Tibério', 'Avenida da Química', '1919', 'F', 'camila.nogueira@email.com', 'camila123', 'Professor'),
('Diego', 'Rodrigues', '4156789123', '1984-01-08', 'Brasil', 'SP', 'São Carlos', 'Parque Faber', 'Rua da Computação', '2020', 'M', 'diego.rodrigues@email.com', 'diego123', 'Professor'),
('Leticia', 'Campos', '6789123456', '1991-04-16', 'Brasil', 'SP', 'Campinas', 'Jardim Guanabara', 'Rua da Engenharia', '2121', 'F', 'leticia.campos@email.com', 'leticia123', 'Professor'),
('Gustavo', 'Oliveira', '3456789012', '1986-10-12', 'Brasil', 'SP', 'São Carlos', 'Vila Nery', 'Rua da Arquitetura', '2222', 'M', 'gustavo.oliveira@email.com', 'gustavo123', 'Professor'),
('Sarah', 'Vieira', '8493352904', '1974-04-22', 'Brasil', 'SP', 'Araraquara', 'Vila Vista Alegre', 'Setor Fernandes', '2222', 'F', 'sarah.vieira@email.com', 'sarah123', 'Aluno'),
('Caroline', 'Pires', '1115921249', '2004-04-17', 'Brasil', 'SP', 'Campinas', 'Universitário', 'Largo de Nascimento', '2323', 'F', 'caroline.pires@email.com', 'caroline123', 'Aluno'),
('Joana', 'Melo', '7165604945', '1971-07-06', 'Brasil', 'SP', 'Ribeirão Preto', 'Conjunto Califórnia Ii', 'Rodovia de da Rosa', '2424', 'F', 'joana.melo@email.com', 'joana123', 'Aluno'),
('Amanda', 'Silva', '1134567890', '1999-03-15', 'Brasil', 'SP', 'São Carlos', 'Centro', 'Rua das Flores', '100', 'F', 'amanda.silva@email.com', 'amanda123', 'Aluno'),
('Rafael', 'Oliveira', '1187654321', '2000-08-22', 'Brasil', 'SP', 'Campinas', 'Cambuí', 'Avenida Principal', '200', 'M', 'rafael.oliveira@email.com', 'rafael123', 'Aluno'),
('Fernanda', 'Costa', '1923456789', '1998-12-10', 'Brasil', 'SP', 'Ribeirão Preto', 'Sumarezinho', 'Rua da Universidade', '300', 'F', 'fernanda.costa@email.com', 'fernanda123', 'Aluno'),
('Bruno', 'Pereira', '4123456789', '1997-06-05', 'Brasil', 'SP', 'São Carlos', 'Vila Prado', 'Rua dos Estudantes', '400', 'M', 'bruno.pereira@email.com', 'bruno123', 'Aluno'),
('Gabriela', 'Rodrigues', '4787654321', '2001-01-18', 'Brasil', 'SP', 'Araraquara', 'Centro', 'Praça da Matriz', '500', 'F', 'gabriela.rodrigues@email.com', 'gabriela123', 'Aluno'),
('Thiago', 'Martins', '6234567890', '1996-09-28', 'Brasil', 'SP', 'São Carlos', 'Jardim Macarengo', 'Rua das Palmeiras', '600', 'M', 'thiago.martins@email.com', 'thiago123', 'Aluno'),
('Larissa', 'Alves', '6787654321', '2002-04-12', 'Brasil', 'SP', 'Campinas', 'Vila Industrial', 'Avenida dos Trabalhadores', '700', 'F', 'larissa.alves@email.com', 'larissa123', 'Aluno'),
('Eduardo', 'Ferreira', '7123456789', '1995-11-03', 'Brasil', 'SP', 'Ribeirão Preto', 'Jardim América', 'Rua das Acácias', '800', 'M', 'eduardo.ferreira@email.com', 'eduardo123', 'Aluno'),
('Mariana', 'Rodrigues', '1165432198', '1983-12-25', 'Brasil', 'SP', 'São Carlos', 'Tijuco Preto', 'Rua do Registro', '2727', 'F', 'mariana.rodrigues@email.com', 'mariana123', 'Funcionario'),
('José', 'Pereira', '1198765432', '1979-06-18', 'Brasil', 'SP', 'Campinas', 'Barão Geraldo', 'Avenida da Secretaria', '2828', 'M', 'jose.pereira@email.com', 'jose123', 'Funcionario'),
('Luciana', 'Martins', '1176543210', '1987-02-14', 'Brasil', 'SP', 'Ribeirão Preto', 'Sumarezinho', 'Rua dos Protocolos', '2929', 'F', 'luciana.martins@email.com', 'luciana123', 'Funcionario'),
('Ricardo', 'Alves', '1154321098', '1981-08-07', 'Brasil', 'SP', 'São Carlos', 'Jardim Macarengo', 'Rua da Tesouraria', '3030', 'M', 'ricardo.alves@email.com', 'ricardo123', 'Funcionario'),
('Patrícia', 'Souza', '1132109876', '1976-11-22', 'Brasil', 'SP', 'Araraquara', 'Vila Harmonia', 'Rua da Contabilidade', '3131', 'F', 'patricia.souza@email.com', 'patricia123', 'Funcionario'),
('Marcos', 'Ferreira', '1987654321', '1984-05-09', 'Brasil', 'SP', 'São Carlos', 'Santa Felícia', 'Rua dos Recursos Humanos', '3232', 'M', 'marcos.ferreira@email.com', 'marcos123', 'Funcionario'),
('Juliana', 'Castro', '1965432187', '1988-01-16', 'Brasil', 'SP', 'Campinas', 'Cambuí', 'Avenida da Biblioteca', '3333', 'F', 'juliana.castro@email.com', 'juliana123', 'Funcionario'),
('Rafael', 'Mendes', '1943210987', '1992-09-03', 'Brasil', 'SP', 'Ribeirão Preto', 'Jardim América', 'Rua da Informática', '3434', 'M', 'rafael.mendes@email.com', 'rafael123', 'Funcionario'),
('Carla', 'Barbosa', '1921098765', '1985-12-11', 'Brasil', 'SP', 'São Carlos', 'Vila Prado', 'Rua da Coordenação', '3535', 'F', 'carla.barbosa@email.com', 'carla123', 'Funcionario'),
('Eduardo', 'Gomes', '1909876543', '1980-04-28', 'Brasil', 'SP', 'Araraquara', 'Centro', 'Rua do Almoxarifado', '3636', 'M', 'eduardo.gomes@email.com', 'eduardo123', 'Funcionario'),
('Beatriz', 'Nascimento', '1887654321', '1989-07-15', 'Brasil', 'SP', 'São Carlos', 'Parque Arnold Schimidt', 'Rua da Assistência', '3737', 'F', 'beatriz.nascimento@email.com', 'beatriz123', 'Funcionario'),
('Thiago', 'Cardoso', '1165432198', '1986-10-02', 'Brasil', 'SP', 'Campinas', 'Jardim Guanabara', 'Rua da Manutenção', '3838', 'M', 'thiago.cardoso@email.com', 'thiago123', 'Funcionario'),
('Amanda', 'Rocha', '1143210987', '1983-03-19', 'Brasil', 'SP', 'Ribeirão Preto', 'Nova Suíça', 'Rua da Limpeza', '3939', 'F', 'amanda.rocha@email.com', 'amanda123', 'Funcionario'),
('Daniel', 'Viana', '1121098765', '1977-08-26', 'Brasil', 'SP', 'São Carlos', 'Cidade Jardim', 'Rua da Vigilância', '4040', 'M', 'daniel.viana@email.com', 'daniel123', 'Funcionario'),
('Larissa', 'Correia', '1109876543', '1991-01-13', 'Brasil', 'SP', 'Araraquara', 'Jardim Paulista', 'Rua do Transporte', '4141', 'F', 'larissa.correia@email.com', 'larissa123', 'Funcionario'),
('Felipe', 'Monteiro', '1187654321', '1984-06-30', 'Brasil', 'SP', 'São Carlos', 'Vila Monteiro', 'Rua da Portaria', '4242', 'M', 'felipe.monteiro@email.com', 'felipe123', 'Funcionario'),
('Gabriela', 'Dias', '1165432187', '1987-11-17', 'Brasil', 'SP', 'Campinas', 'Vila Industrial', 'Rua da Reprografia', '4343', 'F', 'gabriela.dias@email.com', 'gabriela123', 'Funcionario'),
('Bruno', 'Pinto', '1143210965', '1982-04-24', 'Brasil', 'SP', 'Ribeirão Preto', 'Jardim Paulista', 'Rua do Laboratório', '4444', 'M', 'bruno.pinto@email.com', 'bruno123', 'Funcionario'),
('Aline', 'Moura', '1121098743', '1990-09-01', 'Brasil', 'SP', 'São Carlos', 'Jardim São Paulo', 'Rua da Comunicação', '4545', 'F', 'aline.moura@email.com', 'aline123', 'Funcionario'),
('Rodrigo', 'Teixeira', '1109876321', '1985-12-08', 'Brasil', 'SP', 'Araraquara', 'Vila Vista Alegre', 'Rua do Planejamento', '4646', 'M', 'rodrigo.teixeira@email.com', 'rodrigo123', 'Funcionario');

INSERT INTO Professor (Nome, Sobrenome, Telefone, Especializacao, Titulacao, Unidade, CodigoDepartamento) VALUES
('Luiza', 'Correia', '4143321819', 'Física Aplicada', 'Doutor', 'Instituto de Física de São Carlos', 'IFSC-TEO'),
('Isabelly', 'da Mota', '8403413164', 'Inteligência Artificial', 'Doutor', 'Instituto de Ciências Matemáticas e de Computação', 'ICMC-COMP'),
('Guilherme', 'Farias', '8484969653', 'Física Teórica', 'Doutor', 'Instituto de Física de São Carlos', 'IFSC-TEO'),
('Henrique', 'Moura', '3188095701', 'Machine Learning', 'Doutor', 'Instituto de Ciências Matemáticas e de Computação', 'ICMC-COMP'),
('Lucas', 'Freitas', '8438299737', 'Programação', 'Mestre', 'Instituto de Ciências Matemáticas e de Computação', 'ICMC-COMP'),
('Carolina', 'Rocha', '1160260647', 'Álgebra Linear', 'Doutor', 'Instituto de Ciências Matemáticas e de Computação', 'ICMC-COMP'),
('Francisco', 'Jesus', '5151079911', 'Estatística', 'Mestre', 'Instituto de Ciências Matemáticas e de Computação', 'ICMC-COMP'),
('Luiza', 'Ferreira', '3178680112', 'Visualização de Dados', 'Doutor', 'Instituto de Ciências Matemáticas e de Computação', 'ICMC-COMP'),
('Yasmin', 'Dias', '2103654145', 'Computação Gráfica', 'Mestre', 'Instituto de Ciências Matemáticas e de Computação', 'ICMC-COMP'),
('Clarice', 'Lima', '8156482366', 'Matemática Aplicada', 'Doutor', 'Instituto de Ciências Matemáticas e de Computação', 'ICMC-COMP'),
('Lorena', 'da Mota', '5176320163', 'Engenharia de Software', 'Doutor', 'Escola de Engenharia de São Carlos', 'EESC-MEC'),
('Vitor', 'da Costa', '1116658760', 'Física Experimental', 'Doutor', 'Instituto de Física de São Carlos', 'IFSC-EXP'),
('Luiz Henrique', 'Nascimento', '6137556464', 'Probabilidade', 'Doutor', 'Instituto de Ciências Matemáticas e de Computação', 'ICMC-COMP'),
('Maria Luiza', 'Costa', '3000586518', 'Química Analítica', 'Doutor', 'Instituto de Química de São Carlos', 'IQSC-ANA'),
('Anthony', 'Silveira', '7113678377', 'Engenharia de Produção', 'Mestre', 'Escola de Engenharia de São Carlos', 'EESC-MEC'),
('Patricia', 'Gomes', '1187654322', 'Biologia Molecular', 'Doutor', 'Instituto de Química de São Carlos', 'IQSC-ORG'),
('Roberto', 'Almeida', '1134567891', 'História Contemporânea', 'Doutor', 'Instituto de Arquitetura e Urbanismo', 'IAU-VIS'),
('Marcos', 'Lima', '4787654322', 'Geometria Analítica', 'Mestre', 'Instituto de Ciências Matemáticas e de Computação', 'ICMC-COMP'),
('Ricardo', 'Mendes', '1923456788', 'Engenharia Civil', 'Doutor', 'Escola de Engenharia de São Carlos', 'EESC-CIV'),
('Juliana', 'Souza', '4123456788', 'Projeto Arquitetônico', 'Doutor', 'Instituto de Arquitetura e Urbanismo', 'IAU-TEO'),
('Renato', 'Ferraz', '1143216789', 'Física Quântica', 'Doutor', 'Instituto de Física de São Carlos', 'IFSC-TEO'),
('Camila', 'Nogueira', '1987654321', 'Química Orgânica', 'Doutor', 'Instituto de Química de São Carlos', 'IQSC-ORG'),
('Diego', 'Rodrigues', '4156789123', 'Banco de Dados', 'Mestre', 'Instituto de Ciências Matemáticas e de Computação', 'ICMC-COMP'),
('Leticia', 'Campos', '6789123456', 'Engenharia Ambiental', 'Doutor', 'Escola de Engenharia de São Carlos', 'EESC-CIV'),
('Gustavo', 'Oliveira', '3456789012', 'Urbanismo', 'Doutor', 'Instituto de Arquitetura e Urbanismo', 'IAU-TEO');

INSERT INTO Cursos (Nome, CodigoCurso, CodigoDepartamento, Nivel, CargaHorariaTotal, Vagas, SalaAula, NomeUnidade) VALUES
('Engenharia de Computação', 'ENG-COMP01', 'EESC-ELE', 'Graduação', 3600, 60, 'A101', 'Escola de Engenharia de São Carlos'),
('Matemática Aplicada', 'MAT-APL02', 'ICMC-COMP', 'Graduação', 3200, 40, 'B203', 'Instituto de Ciências Matemáticas e de Computação'),
('Física Teórica', 'FIS-TEO03', 'IFSC-TEO', 'Graduação', 3000, 35, 'C301', 'Instituto de Física de São Carlos'),
('Arquitetura e Urbanismo', 'ARQ-URB04', 'IAU-VIS', 'Graduação', 3600, 45, 'E201', 'Instituto de Arquitetura e Urbanismo'),
('Engenharia de Software', 'ENG-SW05', 'EESC-MEC', 'Graduação', 3400, 50, 'P101', 'Escola de Engenharia de São Carlos'),
('Inteligência Artificial', 'IA-TEC06', 'IQSC-ANA', 'Pós-graduação', 420, 30, 'LAB-IA1', 'Instituto de Química de São Carlos'),
('Probabilidade e Estatística', 'PROB-EST07', 'EESC-ELE', 'Graduação', 3000, 40, 'B105', 'Escola de Engenharia de São Carlos'),
('Visualização Científica', 'VIS-CIEN08', 'IQSC-ORG', 'Pós-graduação', 400, 25, 'LAB-VIS2', 'Instituto de Química de São Carlos'),
('Álgebra Linear', 'ALG-LIN09', 'ICMC-COMP', 'Graduação', 2800, 30, 'B107', 'Instituto de Ciências Matemáticas e de Computação'),
('Física Experimental', 'FIS-EXP10', 'IFSC-EXP', 'Graduação', 3200, 40, 'F101', 'Instituto de Física de São Carlos'),
('Engenharia Civil', 'ENG-CIV11', 'EESC-CIV', 'Graduação', 3600, 50, 'P202', 'Escola de Engenharia de São Carlos'),
('Engenharia Elétrica', 'ENG-ELE12', 'EESC-ELE', 'Graduação', 3600, 60, 'P203', 'Escola de Engenharia de São Carlos'),
('Química Tecnológica', 'QUI-TEC13', 'IQSC-ANA', 'Graduação', 3200, 40, 'B205', 'Instituto de Química de São Carlos'),
('Computação Gráfica', 'COM-GRAF14', 'IQSC-ORG', 'Pós-graduação', 480, 20, 'LAB-GRAPH', 'Instituto de Química de São Carlos'),
('Ciência de Dados', 'CID-TEC15', 'ICMC-COMP', 'Graduação', 3400, 40, 'LAB-DATA', 'Instituto de Ciências Matemáticas e de Computação'),
('Física Computacional', 'FIS-COMP16', 'IFSC-TEO', 'Pós-graduação', 400, 30, 'C203', 'Instituto de Física de São Carlos'),
('Desenho Urbano', 'DES-URB17', 'IAU-TEO', 'Graduação', 3000, 30, 'B301', 'Instituto de Arquitetura e Urbanismo'),
('Lógica Computacional', 'LOG-COMP18', 'ICMC-COMP', 'Graduação', 3000, 35, 'B109', 'Instituto de Ciências Matemáticas e de Computação'),
('Engenharia Mecânica', 'ENG-MEC19', 'EESC-MEC', 'Graduação', 3600, 50, 'B106', 'Escola de Engenharia de São Carlos'),
('Programação Científica', 'PROG-CIENT20', 'IQSC-ANA', 'Pós-graduação', 420, 30, 'LAB-PROG', 'Instituto de Química de São Carlos'),
('Ciência da Computação', 'CC-BACH21', 'ICMC-COMP', 'Graduação', 3200, 45, 'C101', 'Instituto de Ciências Matemáticas e de Computação'),
('Biotecnologia', 'BIOTECH22', 'IQSC-ORG', 'Graduação', 3400, 35, 'LAB-BIO', 'Instituto de Química de São Carlos'),
('Engenharia Ambiental', 'ENG-AMB23', 'EESC-CIV', 'Graduação', 3600, 40, 'P204', 'Escola de Engenharia de São Carlos'),
('Física Médica', 'FIS-MED24', 'IFSC-TEO', 'Pós-graduação', 480, 25, 'C302', 'Instituto de Física de São Carlos'),
('Ensino Médio', 'ENS-MED25', 'EDU-BAS', 'Médio', 2400, 200, 'E101', 'Centro de Educação Básica'),
('Ensino Fundamental', 'ENS-FUND26', 'EDU-BAS', 'Fundamental', 1800, 250, 'E102', 'Centro de Educação Básica'),
('Matemática Básica', 'MAT-BAS27', 'EDU-BAS', 'Médio', 1200, 180, 'E103', 'Centro de Educação Básica'),
('Química Geral', 'QUI-GER28', 'EDU-BAS', 'Médio', 1000, 160, 'E104', 'Centro de Educação Básica'),
('Física Básica', 'FIS-BAS29', 'EDU-BAS', 'Médio', 1100, 170, 'E105', 'Centro de Educação Básica'),
('História', 'HIST30', 'EDU-HUM', 'Médio', 800, 150, 'E106', 'Centro de Humanidades');

INSERT INTO PreRequisitos_Cursos (CursoIngresso, CursoPreRequisito) VALUES
('IA-TEC06', 'CC-BACH21'),
('VIS-CIEN08', 'CC-BACH21'),
('COM-GRAF14', 'CC-BACH21'),
('FIS-COMP16', 'FIS-TEO03'),
('PROG-CIENT20', 'CC-BACH21'),
('ENG-COMP01', 'MAT-APL02'),
('ENG-SW05', 'CC-BACH21'),
('CID-TEC15', 'MAT-APL02'),
('FIS-MED24', 'FIS-TEO03'),
('BIOTECH22', 'QUI-TEC13'),
('ENG-AMB23', 'ENG-CIV11'),
('LOG-COMP18', 'CC-BACH21'),
('ARQ-URB04', 'DES-URB17'),
('PROB-EST07', 'MAT-APL02'),
('ALG-LIN09', 'MAT-APL02'),
('FIS-EXP10', 'FIS-TEO03'),
('ENG-ELE12', 'FIS-TEO03'),
('ENG-MEC19', 'FIS-TEO03'),
('QUI-TEC13', 'PROB-EST07'),
('CC-BACH21', 'MAT-APL02'),
('MAT-APL02', 'ENS-MED25'),
('FIS-TEO03', 'ENS-MED25'),
('ARQ-URB04', 'ENS-MED25'),
('ENG-CIV11', 'ENS-MED25'),
('DES-URB17', 'ENS-MED25'),
('QUI-TEC13', 'ENS-MED25'),
('ENS-MED25', 'ENS-FUND26');

INSERT INTO Disciplina (Sigla, QuantidadeAulasSemanais, CapacidadeTurma, ProfessorNome, ProfessorSobrenome, ProfessorTelefone, NomeUnidade) VALUES
('FIS101', 4, 40, 'Carolina', 'Rocha', '1160260647', 'Instituto de Física de São Carlos'),
('MAT102', 3, 35, 'Clarice', 'Lima', '8156482366', 'Instituto de Ciências Matemáticas e de Computação'),
('IA201', 4, 30, 'Henrique', 'Moura', '3188095701', 'Instituto de Ciências Matemáticas e de Computação'),
('VIS301', 2, 25, 'Luiza', 'Ferreira', '3178680112', 'Instituto de Ciências Matemáticas e de Computação'),
('ALG203', 3, 40, 'Clarice', 'Lima', '8156482366', 'Instituto de Ciências Matemáticas e de Computação'),
('FIS202', 3, 30, 'Vitor', 'da Costa', '1116658760', 'Instituto de Física de São Carlos'),
('PROB101', 3, 35, 'Luiz Henrique', 'Nascimento', '6137556464', 'Instituto de Ciências Matemáticas e de Computação'),
('FIS303', 4, 40, 'Luiza', 'Correia', '4143321819', 'Instituto de Física de São Carlos'),
('ENG101', 2, 20, 'Anthony', 'Silveira', '7113678377', 'Escola de Engenharia de São Carlos'),
('VIS102', 3, 30, 'Yasmin', 'Dias', '2103654145', 'Instituto de Ciências Matemáticas e de Computação'),
('IA301', 3, 35, 'Henrique', 'Moura', '3188095701', 'Instituto de Ciências Matemáticas e de Computação'),
('ALG204', 3, 30, 'Carolina', 'Rocha', '1160260647', 'Instituto de Ciências Matemáticas e de Computação'),
('PROB202', 2, 25, 'Francisco', 'Jesus', '5151079911', 'Instituto de Ciências Matemáticas e de Computação'),
('FIS105', 3, 30, 'Maria Luiza', 'Costa', '3000586518', 'Instituto de Física de São Carlos'),
('ENG303', 4, 35, 'Anthony', 'Silveira', '7113678377', 'Escola de Engenharia de São Carlos'),
('IA401', 2, 20, 'Isabelly', 'da Mota', '8403413164', 'Instituto de Ciências Matemáticas e de Computação'),
('VIS203', 3, 25, 'Yasmin', 'Dias', '2103654145', 'Instituto de Ciências Matemáticas e de Computação'),
('FIS209', 2, 30, 'Guilherme', 'Farias', '8484969653', 'Instituto de Física de São Carlos'),
('ALG301', 2, 30, 'Clarice', 'Lima', '8156482366', 'Instituto de Ciências Matemáticas e de Computação'),
('ENG204', 3, 25, 'Lorena', 'da Mota', '5176320163', 'Escola de Engenharia de São Carlos'),
('COMP101', 4, 40, 'Lucas', 'Freitas', '8438299737', 'Instituto de Ciências Matemáticas e de Computação'),
('CALC102', 5, 45, 'Francisco', 'Jesus', '5151079911', 'Instituto de Ciências Matemáticas e de Computação'),
('PROG201', 3, 30, 'Anthony', 'Silveira', '7113678377', 'Escola de Engenharia de São Carlos'),
('EST301', 2, 35, 'Luiz Henrique', 'Nascimento', '6137556464', 'Instituto de Ciências Matemáticas e de Computação'),
('BIO101', 3, 30, 'Patricia', 'Gomes', '1187654322', 'Instituto de Química de São Carlos'),
('HIST101', 2, 40, 'Roberto', 'Almeida', '1134567891', 'Instituto de Arquitetura e Urbanismo'),
('GEOM101', 3, 35, 'Marcos', 'Lima', '4787654322', 'Instituto de Ciências Matemáticas e de Computação'),
('QUIM101', 4, 30, 'Maria Luiza', 'Costa', '3000586518', 'Instituto de Química de São Carlos'),
('ENG102', 2, 25, 'Ricardo', 'Mendes', '1923456788', 'Escola de Engenharia de São Carlos'),
('ARQ101', 3, 40, 'Juliana', 'Souza', '4123456788', 'Instituto de Arquitetura e Urbanismo'),
('FIS302', 3, 30, 'Guilherme', 'Farias', '8484969653', 'Instituto de Física de São Carlos'),
('IA202', 3, 25, 'Henrique', 'Moura', '3188095701', 'Instituto de Ciências Matemáticas e de Computação'),
('VIS302', 2, 20, 'Yasmin', 'Dias', '2103654145', 'Instituto de Ciências Matemáticas e de Computação'),
('ALG205', 3, 30, 'Clarice', 'Lima', '8156482366', 'Instituto de Ciências Matemáticas e de Computação'),
('PROB203', 2, 25, 'Francisco', 'Jesus', '5151079911', 'Instituto de Ciências Matemáticas e de Computação'),
('FIS106', 3, 30, 'Vitor', 'da Costa', '1116658760', 'Instituto de Física de São Carlos'),
('ENG304', 4, 35, 'Anthony', 'Silveira', '7113678377', 'Escola de Engenharia de São Carlos'),
('IA402', 2, 20, 'Isabelly', 'da Mota', '8403413164', 'Instituto de Ciências Matemáticas e de Computação'),
('VIS204', 3, 25, 'Yasmin', 'Dias', '2103654145', 'Instituto de Ciências Matemáticas e de Computação'),
('FIS210', 2, 30, 'Guilherme', 'Farias', '8484969653', 'Instituto de Física de São Carlos'),
('ALG302', 2, 30, 'Clarice', 'Lima', '8156482366', 'Instituto de Ciências Matemáticas e de Computação'),
('ENG205', 3, 25, 'Lorena', 'da Mota', '5176320163', 'Escola de Engenharia de São Carlos'),
('COMP102', 4, 40, 'Lucas', 'Freitas', '8438299737', 'Instituto de Ciências Matemáticas e de Computação'),
('CALC103', 5, 45, 'Francisco', 'Jesus', '5151079911', 'Instituto de Ciências Matemáticas e de Computação'),
('PROG202', 3, 30, 'Anthony', 'Silveira', '7113678377', 'Escola de Engenharia de São Carlos'),
('EST302', 2, 35, 'Luiz Henrique', 'Nascimento', '6137556464', 'Instituto de Ciências Matemáticas e de Computação');

INSERT INTO PreRequisitos_Disciplinas (CursoIngresso, DisciplinaPreRequisito) VALUES
('ENG-COMP01', 'FIS101'),
('CC-BACH21', 'MAT102'),
('IA-TEC06', 'IA201'),
('VIS-CIEN08', 'VIS301'),
('MAT-APL02', 'ALG203'),
('FIS-TEO03', 'FIS202'),
('PROB-EST07', 'PROB101'),
('ARQ-URB04', 'FIS303'),
('ENG-SW05', 'ENG101'),
('CID-TEC15', 'VIS102'),
('BIOTECH22', 'IA301'),
('FIS-EXP10', 'ALG204'),
('QUI-TEC13', 'PROB202'),
('FIS-COMP16', 'FIS105'),
('ENG-AMB23', 'ENG303'),
('COM-GRAF14', 'IA401'),
('LOG-COMP18', 'VIS203'),
('ENG-CIV11', 'FIS209'),
('ALG-LIN09', 'ALG301'),
('ENG-MEC19', 'ENG204'),
('ENG-ELE12', 'FIS202'),
('PROG-CIENT20', 'COMP101'),
('FIS-MED24', 'CALC102'),
('DES-URB17', 'PROG201'),
('ENS-MED25', 'EST301');

INSERT INTO Material_Didatico (Sigla, MaterialDidatico) VALUES
('FIS101', 'Notas de aula'),
('FIS101', 'Livro-texto'),
('MAT102', 'Slides'),
('MAT102', 'Livro de Álgebra'),
('IA201', 'Livro de IA Moderna'),
('IA201', 'Artigos científicos'),
('VIS301', 'Slides'),
('VIS301', 'Código-fonte em Python'),
('ALG203', 'Livro de Álgebra Linear'),
('ALG203', 'Lista de exercícios'),
('FIS202', 'Livro-texto'),
('FIS202', 'Simulações interativas'),
('PROB101', 'Notas de aula'),
('PROB101', 'Software R'),
('FIS303', 'Slides'),
('FIS303', 'Livro Avançado de Física'),
('ENG101', 'Material digital no Moodle'),
('ENG101', 'Slides'),
('VIS102', 'Slides'),
('VIS102', 'Tutoriais em vídeo'),
('IA301', 'Livro-texto'),
('IA301', 'Casos de estudo'),
('ALG204', 'Slides'),
('ALG204', 'Exercícios no Moodle'),
('PROB202', 'Apostila de Probabilidade'),
('PROB202', 'Software estatístico'),
('FIS105', 'Manual de laboratório'),
('FIS105', 'Roteiros experimentais'),
('ENG303', 'Material técnico'),
('ENG303', 'Normas ABNT'),
('IA401', 'Papers de pesquisa'),
('IA401', 'Datasets para análise'),
('VIS203', 'Software de visualização'),
('VIS203', 'Exemplos práticos'),
('FIS209', 'Livro de Física Aplicada'),
('FIS209', 'Simuladores'),
('ALG301', 'Livro de Álgebra Avançada'),
('ALG301', 'Exercícios resolvidos'),
('ENG204', 'Manual de Engenharia'),
('ENG204', 'Estudos de caso'),
('COMP101', 'Livro de Programação'),
('COMP101', 'Ambiente de desenvolvimento'),
('CALC102', 'Livro de Cálculo'),
('CALC102', 'Lista de exercícios'),
('PROG201', 'Tutoriais online'),
('PROG201', 'Projetos práticos'),
('EST301', 'Software SPSS'),
('EST301', 'Banco de dados'),
('BIO101', 'Atlas de Biologia'),
('BIO101', 'Microscópio virtual'),
('HIST101', 'Livro de História'),
('HIST101', 'Documentários'),
('GEOM101', 'Régua e compasso'),
('GEOM101', 'Software GeoGebra'),
('QUIM101', 'Tabela periódica'),
('QUIM101', 'Kit de experimentos'),
('ENG102', 'Manual técnico'),
('ENG102', 'Calculadora científica'),
('ARQ101', 'Prancheta de desenho'),
('ARQ101', 'Software CAD');

INSERT INTO Regras (Sigla, Regra) VALUES
('FIS101', 'Frequência mínima 75%'),
('FIS101', 'Prova final obrigatória'),
('MAT102', 'Critério de aprovação: média >= 6'),
('MAT102', 'Frequência mínima 70%'),
('IA201', 'Frequência mínima 75%'),
('IA201', 'Trabalho prático obrigatório'),
('VIS301', 'Entrega de projeto final'),
('VIS301', 'Frequência livre'),
('ALG203', 'Frequência 75%'),
('ALG203', 'Média mínima 6'),
('FIS202', 'Frequência mínima 80%'),
('FIS202', 'Prova substitutiva'),
('PROB101', 'Frequência mínima 75%'),
('PROB101', 'Entrega de exercícios'),
('FIS303', 'Provas presenciais'),
('FIS303', 'Média mínima 7'),
('ENG101', 'Entrega de projeto final'),
('ENG101', 'Frequência livre'),
('VIS102', 'Frequência mínima 70%'),
('VIS102', 'Apresentação de projeto final'),
('IA301', 'Prova final obrigatória'),
('IA301', 'Entregas semanais'),
('ALG204', 'Média mínima 6'),
('ALG204', 'Frequência mínima 80%'),
('PROB202', 'Frequência mínima 75%'),
('PROB202', 'Trabalho final obrigatório'),
('FIS105', 'Relatórios de laboratório'),
('FIS105', 'Frequência mínima 85%'),
('ENG303', 'Projeto integrador'),
('ENG303', 'Média mínima 7'),
('IA401', 'Apresentação oral'),
('IA401', 'Artigo científico'),
('VIS203', 'Portfolio de projetos'),
('VIS203', 'Frequência mínima 70%'),
('FIS209', 'Prova prática'),
('FIS209', 'Média mínima 6'),
('ALG301', 'Seminário final'),
('ALG301', 'Frequência mínima 80%'),
('ENG204', 'Estudo de caso'),
('ENG204', 'Prova oral'),
('COMP101', 'Projeto de programação'),
('COMP101', 'Frequência mínima 75%'),
('CALC102', 'Lista de exercícios'),
('CALC102', 'Duas provas obrigatórias'),
('PROG201', 'Desenvolvimento de software'),
('PROG201', 'Apresentação técnica'),
('EST301', 'Análise estatística'),
('EST301', 'Relatório final'),
('BIO101', 'Prova prática de laboratório'),
('BIO101', 'Frequência mínima 80%'),
('HIST101', 'Ensaio histórico'),
('HIST101', 'Seminário temático'),
('GEOM101', 'Construções geométricas'),
('GEOM101', 'Prova com instrumentos'),
('QUIM101', 'Experimentos laboratoriais'),
('QUIM101', 'Relatório de práticas'),
('ENG102', 'Projeto técnico'),
('ENG102', 'Defesa oral'),
('ARQ101', 'Projeto arquitetônico'),
('ARQ101', 'Maquete física');

INSERT INTO Necessidade_Infraestrutura (Sigla, Infraestrutura) VALUES
('FIS101', 'Lousa digital'),
('FIS101', 'Projetor'),
('MAT102', 'Quadro branco'),
('MAT102', 'Laboratório de Matemática'),
('IA201', 'Laboratório de informática'),
('IA201', 'Projetor'),
('VIS301', 'Computadores com GPU'),
('VIS301', 'Projetor'),
('ALG203', 'Lousa digital'),
('ALG203', 'Quadro branco'),
('FIS202', 'Laboratório de Física'),
('FIS202', 'Projetor'),
('PROB101', 'Laboratório de Estatística'),
('FIS303', 'Projetor'),
('FIS303', 'Quadro digital'),
('ENG101', 'Laboratório de Engenharia'),
('ENG101', 'Impressora 3D'),
('VIS102', 'Computadores com GPU'),
('VIS102', 'Lousa digital'),
('IA301', 'Laboratório de Informática'),
('IA301', 'Internet rápida'),
('ALG204', 'Projetor'),
('ALG204', 'Lousa digital'),
('PROB202', 'Laboratório com software estatístico'),
('PROB202', 'Computadores'),
('FIS105', 'Laboratório de Física Avançada'),
('FIS105', 'Equipamentos de medição'),
('ENG303', 'Sala de projetos'),
('ENG303', 'Mesa digitalizadora'),
('IA401', 'Servidor de alta performance'),
('IA401', 'Cluster de processamento'),
('VIS203', 'Estúdio de visualização'),
('VIS203', 'Tela de projeção 360°'),
('FIS209', 'Bancada experimental'),
('FIS209', 'Instrumentos de medição'),
('ALG301', 'Sala com lousa inteligente'),
('ALG301', 'Sistema de áudio'),
('ENG204', 'Oficina mecânica'),
('ENG204', 'Ferramentas especializadas'),
('COMP101', 'Laboratório de programação'),
('COMP101', 'Servidores dedicados'),
('CALC102', 'Sala multimídia'),
('CALC102', 'Software matemático'),
('PROG201', 'Estúdio de desenvolvimento'),
('PROG201', 'Múltiplos monitores'),
('EST301', 'Laboratório estatístico'),
('EST301', 'Software especializado'),
('BIO101', 'Laboratório de biologia'),
('BIO101', 'Microscópios avançados'),
('HIST101', 'Sala multimídia'),
('HIST101', 'Acervo digital'),
('GEOM101', 'Mesa de desenho técnico'),
('GEOM101', 'Instrumentos de precisão'),
('QUIM101', 'Laboratório de química'),
('QUIM101', 'Capela de exaustão'),
('ENG102', 'Laboratório de automação'),
('ENG102', 'Equipamentos industriais'),
('ARQ101', 'Estúdio de arquitetura'),
('ARQ101', 'Mesa de luz profissional');


INSERT INTO Aluno (Nome, Sobrenome, Telefone, Unidade) VALUES
('João Gabriel', 'Jesus', '2182400842', 'Instituto de Química de São Carlos'),
('Paulo', 'Caldeira', '8001334123', 'Instituto de Arquitetura e Urbanismo'),
('Marcelo', 'Santos', '7177190659', 'Escola de Engenharia de São Carlos'),
('Alícia', 'Barros', '7185977034', 'Instituto de Arquitetura e Urbanismo'),
('Rodrigo', 'Santos', '8104499727', 'Instituto de Química de São Carlos'),
('Maitê', 'Cardoso', '7186578091', 'Instituto de Física de São Carlos'),
('Ian', 'Cardoso', '3159464743', 'Instituto de Química de São Carlos'),
('João Felipe', 'da Paz', '8185884247', 'Instituto de Química de São Carlos'),
('Guilherme', 'Barbosa', '5147113826', 'Escola de Engenharia de São Carlos'),
('Sarah', 'Vieira', '8493352904', 'Instituto de Arquitetura e Urbanismo'),
('Caroline', 'Pires', '1115921249', 'Instituto de Ciências Matemáticas e de Computação'),
('Joana', 'Melo', '7165604945', 'Instituto de Ciências Matemáticas e de Computação'),
('Amanda', 'Silva', '1134567890', 'Instituto de Física de São Carlos'),
('Rafael', 'Oliveira', '1187654321', 'Escola de Engenharia de São Carlos'),
('Fernanda', 'Costa', '1923456789', 'Instituto de Arquitetura e Urbanismo'),
('Bruno', 'Pereira', '4123456789', 'Instituto de Ciências Matemáticas e de Computação'),
('Gabriela', 'Rodrigues', '4787654321', 'Instituto de Química de São Carlos'),
('Thiago', 'Martins', '6234567890', 'Instituto de Física de São Carlos'),
('Larissa', 'Alves', '6787654321', 'Escola de Engenharia de São Carlos'),
('Eduardo', 'Ferreira', '7123456789', 'Instituto de Arquitetura e Urbanismo');

INSERT INTO Funcionario_Administrativo (Nome, Sobrenome, Telefone, Unidade) VALUES
('Carlos', 'Silva', '1134567899', 'Instituto de Ciências Matemáticas e de Computação'),
('Ana', 'Santos', '1187654329', 'Escola de Engenharia de São Carlos'),
('Roberto', 'Oliveira', '1923456787', 'Instituto de Física de São Carlos'),
('Fernanda', 'Lima', '4123456787', 'Instituto de Arquitetura e Urbanismo'),
('Pedro', 'Costa', '4787654329', 'Instituto de Química de São Carlos'),
('Mariana', 'Rodrigues', '1165432198', 'Instituto de Ciências Matemáticas e de Computação'),
('José', 'Pereira', '1198765432', 'Escola de Engenharia de São Carlos'),
('Luciana', 'Martins', '1176543210', 'Instituto de Física de São Carlos'),
('Ricardo', 'Alves', '1154321098', 'Instituto de Arquitetura e Urbanismo'),
('Patrícia', 'Souza', '1132109876', 'Instituto de Química de São Carlos'),
('Marcos', 'Ferreira', '1987654321', 'Instituto de Ciências Matemáticas e de Computação'),
('Juliana', 'Castro', '1965432187', 'Escola de Engenharia de São Carlos'),
('Rafael', 'Mendes', '1943210987', 'Instituto de Física de São Carlos'),
('Carla', 'Barbosa', '1921098765', 'Instituto de Arquitetura e Urbanismo'),
('Eduardo', 'Gomes', '1909876543', 'Instituto de Química de São Carlos'),
('Beatriz', 'Nascimento', '1887654321', 'Instituto de Ciências Matemáticas e de Computação'),
('Thiago', 'Cardoso', '1165432198', 'Escola de Engenharia de São Carlos'),
('Amanda', 'Rocha', '1143210987', 'Instituto de Física de São Carlos'),
('Daniel', 'Viana', '1121098765', 'Instituto de Arquitetura e Urbanismo'),
('Larissa', 'Correia', '1109876543', 'Instituto de Química de São Carlos'),
('Felipe', 'Monteiro', '1187654321', 'Instituto de Ciências Matemáticas e de Computação'),
('Gabriela', 'Dias', '1165432187', 'Escola de Engenharia de São Carlos'),
('Bruno', 'Pinto', '1143210965', 'Instituto de Física de São Carlos'),
('Aline', 'Moura', '1121098743', 'Instituto de Arquitetura e Urbanismo'),
('Rodrigo', 'Teixeira', '1109876321', 'Instituto de Química de São Carlos');

INSERT INTO Matricula (
    Data, Aluno_Nome, Aluno_Sobrenome, Aluno_Telefone,
    Sigla, Status, Notas, DescontoBolsa, Taxa, DataLimite
) VALUES
('2023-02-15', 'João Gabriel', 'Jesus', '2182400842', 'FIS101', 'Ativa', 8.5, 500.00, 1200.00, '2023-06-30'),
('2023-02-15', 'Paulo', 'Caldeira', '8001334123', 'MAT102', 'Ativa', 7.2, 300.00, 1000.00, '2023-06-30'),
('2023-02-16', 'Marcelo', 'Santos', '7177190659', 'IA201', 'Ativa', 9.1, 1000.00, 1500.00, '2023-06-30'),
('2023-02-16', 'Alícia', 'Barros', '7185977034', 'VIS301', 'Concluída', 8.7, 800.00, 1200.00, '2023-06-30'),
('2023-02-17', 'Rodrigo', 'Santos', '8104499727', 'ALG203', 'Ativa', 6.8, 200.00, 800.00, '2023-06-30'),
('2023-02-17', 'Maitê', 'Cardoso', '7186578091', 'FIS202', 'Trancada', 0.0, 400.00, 900.00, '2023-06-30'),
('2023-02-18', 'Ian', 'Cardoso', '3159464743', 'PROB101', 'Ativa', 7.5, 600.00, 1100.00, '2023-06-30'),
('2023-02-18', 'João Felipe', 'da Paz', '8185884247', 'FIS303', 'Cancelada', 0.0, 300.00, 700.00, '2023-06-30'),
('2023-02-19', 'Guilherme', 'Barbosa', '5147113826', 'ENG101', 'Ativa', 8.9, 700.00, 1300.00, '2023-06-30'),
('2023-02-19', 'Sarah', 'Vieira', '8493352904', 'VIS102', 'Concluída', 9.3, 900.00, 1400.00, '2023-06-30'),
('2023-02-20', 'Caroline', 'Pires', '1115921249', 'IA301', 'Ativa', 8.1, 500.00, 1200.00, '2023-06-30'),
('2023-02-20', 'Joana', 'Melo', '7165604945', 'ALG204', 'Ativa', 7.8, 400.00, 1000.00, '2023-06-30'),
('2023-02-21', 'Amanda', 'Silva', '1134567890', 'PROB202', 'Ativa', 8.4, 600.00, 1100.00, '2023-06-30'),
('2023-02-21', 'Rafael', 'Oliveira', '1187654321', 'FIS105', 'Trancada', 0.0, 300.00, 800.00, '2023-06-30'),
('2023-02-22', 'Fernanda', 'Costa', '1923456789', 'ENG303', 'Ativa', 9.0, 800.00, 1400.00, '2023-06-30'),
('2023-02-22', 'Bruno', 'Pereira', '4123456789', 'IA401', 'Concluída', 8.6, 700.00, 1300.00, '2023-06-30'),
('2023-02-23', 'Gabriela', 'Rodrigues', '4787654321', 'VIS203', 'Ativa', 7.9, 500.00, 1200.00, '2023-06-30'),
('2023-02-23', 'Thiago', 'Martins', '6234567890', 'FIS209', 'Ativa', 8.2, 600.00, 1100.00, '2023-06-30'),
('2023-02-24', 'Larissa', 'Alves', '6787654321', 'ALG301', 'Cancelada', 0.0, 400.00, 900.00, '2023-06-30'),
('2023-02-24', 'Eduardo', 'Ferreira', '7123456789', 'ENG204', 'Ativa', 8.7, 700.00, 1300.00, '2023-06-30');

INSERT INTO Periodo_Letivo (Data, PeriodoLetivo) VALUES
('2023-02-15', '2023-1'),
('2023-02-16', '2023-1'),
('2023-02-17', '2023-1'),
('2023-02-18', '2023-1'),
('2023-02-19', '2023-1'),
('2023-02-20', '2023-1'),
('2023-02-21', '2023-1'),
('2023-02-22', '2023-1'),
('2023-02-23', '2023-1'),
('2023-02-24', '2023-1');

INSERT INTO NotaDisciplina (
    Aluno_Nome, Aluno_Sobrenome, Aluno_Telefone, Sigla,
    PeriodoLetivo, Texto,
    NotaDidatica, NotaMaterial, NotaConteudo, NotaInfraestrutura
) VALUES
('João Gabriel', 'Jesus', '2182400842', 'FIS101', '2023-1', 'Ótima disciplina, professor muito didático', 9, 8, 9, 8),
('Paulo', 'Caldeira', '8001334123', 'MAT102', '2023-1', 'Conteúdo complexo mas bem explicado', 8, 7, 8, 9),
('Marcelo', 'Santos', '7177190659', 'IA201', '2023-1', 'Material poderia ser mais atualizado', 7, 6, 9, 8),
('Alícia', 'Barros', '7185977034', 'VIS301', '2023-1', 'Excelentes recursos visuais', 10, 9, 9, 10),
('Rodrigo', 'Santos', '8104499727', 'ALG203', '2023-1', 'Bom professor, mas aulas monótonas', 7, 8, 7, 8),
('Maitê', 'Cardoso', '7186578091', 'FIS202', '2023-1', 'Infraestrutura precisa melhorar', 6, 7, 8, 5),
('Ian', 'Cardoso', '3159464743', 'PROB101', '2023-1', 'Ótimos exemplos práticos', 9, 8, 9, 8),
('João Felipe', 'da Paz', '8185884247', 'FIS303', '2023-1', 'Conteúdo muito avançado', 5, 6, 7, 7),
('Guilherme', 'Barbosa', '5147113826', 'ENG101', '2023-1', 'Projetos interessantes', 8, 8, 9, 8),
('Sarah', 'Vieira', '8493352904', 'VIS102', '2023-1', 'Material completo e atual', 9, 9, 9, 9),
('Caroline', 'Pires', '1115921249', 'IA301', '2023-1', 'Ótima didática do professor', 10, 8, 9, 9),
('Joana', 'Melo', '7165604945', 'ALG204', '2023-1', 'Exercícios desafiadores', 8, 7, 8, 8),
('Amanda', 'Silva', '1134567890', 'PROB202', '2023-1', 'Software estatístico muito útil', 9, 9, 8, 9),
('Rafael', 'Oliveira', '1187654321', 'FIS105', '2023-1', 'Equipamentos antigos', 7, 6, 8, 5),
('Fernanda', 'Costa', '1923456789', 'ENG303', '2023-1', 'Projeto integrador excelente', 9, 8, 10, 9),
('Bruno', 'Pereira', '4123456789', 'IA401', '2023-1', 'Datasets muito bons para aprendizado', 10, 9, 10, 9),
('Gabriela', 'Rodrigues', '4787654321', 'VIS203', '2023-1', 'Software poderia ser mais intuitivo', 8, 7, 9, 7),
('Thiago', 'Martins', '6234567890', 'FIS209', '2023-1', 'Bancada experimental muito boa', 9, 8, 9, 9),
('Larissa', 'Alves', '6787654321', 'ALG301', '2023-1', 'Sala inteligente ajuda no aprendizado', 10, 9, 9, 10),
('Eduardo', 'Ferreira', '7123456789', 'ENG204', '2023-1', 'Ferramentas especializadas excelentes', 9, 8, 9, 9);

INSERT INTO NotaProfessor (
    Aluno_Nome, Aluno_Sobrenome, Aluno_Telefone,
    Professor_Nome, Professor_Sobrenome, Professor_Telefone,
    PeriodoLetivo, Texto, NotaDidaticaProfessor
) VALUES
('João Gabriel', 'Jesus', '2182400842', 'Carolina', 'Rocha', '1160260647', '2023-1', 'Professor muito claro nas explicações', 9),
('Paulo', 'Caldeira', '8001334123', 'Clarice', 'Lima', '8156482366', '2023-1', 'Domina o conteúdo mas fala rápido', 8),
('Marcelo', 'Santos', '7177190659', 'Henrique', 'Moura', '3188095701', '2023-1', 'Excelente didática e paciência', 10),
('Alícia', 'Barros', '7185977034', 'Luiza', 'Ferreira', '3178680112', '2023-1', 'Muito criativa nas aulas', 9),
('Rodrigo', 'Santos', '8104499727', 'Clarice', 'Lima', '8156482366', '2023-1', 'Explicações muito técnicas', 7),
('Maitê', 'Cardoso', '7186578091', 'Vitor', 'da Costa', '1116658760', '2023-1', 'Bom professor mas falta organização', 6),
('Ian', 'Cardoso', '3159464743', 'Luiz Henrique', 'Nascimento', '6137556464', '2023-1', 'Torna conceitos complexos acessíveis', 9),
('João Felipe', 'da Paz', '8185884247', 'Luiza', 'Correia', '4143321819', '2023-1', 'Conteúdo avançado demais para o nível', 5),
('Guilherme', 'Barbosa', '5147113826', 'Anthony', 'Silveira', '7113678377', '2023-1', 'Ótimo orientador de projetos', 9),
('Sarah', 'Vieira', '8493352904', 'Yasmin', 'Dias', '2103654145', '2023-1', 'Didática excelente e paciente', 10),
('Caroline', 'Pires', '1115921249', 'Henrique', 'Moura', '3188095701', '2023-1', 'Domina totalmente o assunto', 10),
('Joana', 'Melo', '7165604945', 'Carolina', 'Rocha', '1160260647', '2023-1', 'Bom professor mas aulas monótonas', 7),
('Amanda', 'Silva', '1134567890', 'Francisco', 'Jesus', '5151079911', '2023-1', 'Ótimo uso de exemplos práticos', 9),
('Rafael', 'Oliveira', '1187654321', 'Maria Luiza', 'Costa', '3000586518', '2023-1', 'Poderia ser mais claro nas explicações', 6),
('Fernanda', 'Costa', '1923456789', 'Anthony', 'Silveira', '7113678377', '2023-1', 'Excelente orientação nos projetos', 9),
('Bruno', 'Pereira', '4123456789', 'Isabelly', 'da Mota', '8403413164', '2023-1', 'Muito conhecimento prático', 10),
('Gabriela', 'Rodrigues', '4787654321', 'Yasmin', 'Dias', '2103654145', '2023-1', 'Boa professora mas falta material', 7),
('Thiago', 'Martins', '6234567890', 'Guilherme', 'Farias', '8484969653', '2023-1', 'Ótimo nas demonstrações práticas', 9),
('Larissa', 'Alves', '6787654321', 'Clarice', 'Lima', '8156482366', '2023-1', 'Didática excelente com a lousa inteligente', 10),
('Eduardo', 'Ferreira', '7123456789', 'Lorena', 'da Mota', '5176320163', '2023-1', 'Ótima professora, muito atenciosa', 9);

INSERT INTO Mensagem_Professor_Aluno (
    Remetente_Nome, Remetente_Sobrenome, Remetente_Telefone,
    Destinatario_Nome, Destinatario_Sobrenome, Destinatario_Telefone,
    Timestamp, Texto
) VALUES
('Carolina', 'Rocha', '1160260647', 'João Gabriel', 'Jesus', '2182400842', '2023-03-10 14:30:22', 'João, lembre-se da entrega do trabalho amanhã'),
('Clarice', 'Lima', '8156482366', 'Paulo', 'Caldeira', '8001334123', '2023-03-11 09:15:33', 'Paulo, sua dúvida sobre o exercício 5: a resposta está na página 45 do livro'),
('Henrique', 'Moura', '3188095701', 'Marcelo', 'Santos', '7177190659', '2023-03-12 16:20:44', 'Marcelo, ótimo progresso no projeto de IA!'),
('Luiza', 'Ferreira', '3178680112', 'Alícia', 'Barros', '7185977034', '2023-03-13 11:05:55', 'Alícia, seu projeto de visualização foi selecionado para a feira'),
('Clarice', 'Lima', '8156482366', 'Rodrigo', 'Santos', '8104499727', '2023-03-14 10:30:11', 'Rodrigo, precisamos conversar sobre sua última prova'),
('Vitor', 'da Costa', '1116658760', 'Maitê', 'Cardoso', '7186578091', '2023-03-15 15:25:22', 'Maitê, o laboratório estará fechado amanhã'),
('Luiz Henrique', 'Nascimento', '6137556464', 'Ian', 'Cardoso', '3159464743', '2023-03-16 08:40:33', 'Ian, ótima participação na aula de hoje'),
('Luiza', 'Correia', '4143321819', 'João Felipe', 'da Paz', '8185884247', '2023-03-17 13:15:44', 'João Felipe, sua solicitação de revisão foi aceita'),
('Anthony', 'Silveira', '7113678377', 'Guilherme', 'Barbosa', '5147113826', '2023-03-18 14:50:55', 'Guilherme, seu projeto foi aprovado com louvor'),
('Yasmin', 'Dias', '2103654145', 'Sarah', 'Vieira', '8493352904', '2023-03-19 09:35:11', 'Sarah, parabéns pelo trabalho de visualização'),
('Henrique', 'Moura', '3188095701', 'Caroline', 'Pires', '1115921249', '2023-03-20 10:20:22', 'Caroline, seu artigo foi selecionado para publicação'),
('Carolina', 'Rocha', '1160260647', 'Joana', 'Melo', '7165604945', '2023-03-21 16:15:33', 'Joana, vamos marcar uma tutoria para a próxima semana'),
('Francisco', 'Jesus', '5151079911', 'Amanda', 'Silva', '1134567890', '2023-03-22 11:10:44', 'Amanda, encontrei um erro no seu relatório estatístico'),
('Maria Luiza', 'Costa', '3000586518', 'Rafael', 'Oliveira', '1187654321', '2023-03-23 08:05:55', 'Rafael, o experimento foi reagendado para sexta'),
('Anthony', 'Silveira', '7113678377', 'Fernanda', 'Costa', '1923456789', '2023-03-24 14:40:11', 'Fernanda, precisamos ajustar seu projeto integrador'),
('Isabelly', 'da Mota', '8403413164', 'Bruno', 'Pereira', '4123456789', '2023-03-25 13:35:22', 'Bruno, seu dataset precisa de mais normalização'),
('Yasmin', 'Dias', '2103654145', 'Gabriela', 'Rodrigues', '4787654321', '2023-03-26 09:30:33', 'Gabriela, seu código de visualização está excelente'),
('Guilherme', 'Farias', '8484969653', 'Thiago', 'Martins', '6234567890', '2023-03-27 15:25:44', 'Thiago, ótimo desempenho no experimento prático'),
('Clarice', 'Lima', '8156482366', 'Larissa', 'Alves', '6787654321', '2023-03-28 10:20:55', 'Larissa, sua prova foi adiada para próxima semana'),
('Lorena', 'da Mota', '5176320163', 'Eduardo', 'Ferreira', '7123456789', '2023-03-29 14:15:11', 'Eduardo, seu estudo de caso foi muito bem elaborado');

INSERT INTO Mensagem_Aluno_Professor (
    Remetente_Nome, Remetente_Sobrenome, Remetente_Telefone,
    Destinatario_Nome, Destinatario_Sobrenome, Destinatario_Telefone,
    Timestamp, Texto
) VALUES
('João Gabriel', 'Jesus', '2182400842', 'Carolina', 'Rocha', '1160260647', '2023-03-01 08:30:22', 'Professora, tenho dúvida sobre o exercício 3 da lista'),
('Paulo', 'Caldeira', '8001334123', 'Clarice', 'Lima', '8156482366', '2023-03-02 09:45:33', 'Clarice, posso marcar horário para tirar dúvidas?'),
('Marcelo', 'Santos', '7177190659', 'Henrique', 'Moura', '3188095701', '2023-03-03 10:20:44', 'Professor, o artigo que recomendou foi muito útil'),
('Alícia', 'Barros', '7185977034', 'Luiza', 'Ferreira', '3178680112', '2023-03-04 11:35:55', 'Profe, estou com problema no código de visualização'),
('Rodrigo', 'Santos', '8104499727', 'Clarice', 'Lima', '8156482366', '2023-03-05 14:50:11', 'Professora, não entendi a demonstração da aula passada'),
('Maitê', 'Cardoso', '7186578091', 'Vitor', 'da Costa', '1116658760', '2023-03-06 16:15:22', 'Professor, o equipamento do lab está com problema'),
('Ian', 'Cardoso', '3159464743', 'Luiz Henrique', 'Nascimento', '6137556464', '2023-03-07 08:40:33', 'Prof, posso usar o R para o trabalho ao invés de Python?'),
('João Felipe', 'da Paz', '8185884247', 'Luiza', 'Correia', '4143321819', '2023-03-08 13:25:44', 'Profe Luiza, posso revisar minha prova com a senhora?'),
('Guilherme', 'Barbosa', '5147113826', 'Anthony', 'Silveira', '7113678377', '2023-03-09 15:10:55', 'Professor, preciso de orientação no projeto final'),
('Sarah', 'Vieira', '8493352904', 'Yasmin', 'Dias', '2103654145', '2023-03-10 10:45:11', 'Profe Yasmin, qual dataset devo usar para o projeto?'),
('Caroline', 'Pires', '1115921249', 'Henrique', 'Moura', '3188095701', '2023-03-11 09:30:22', 'Professor, encontrei um bug no modelo de ML'),
('Joana', 'Melo', '7165604945', 'Carolina', 'Rocha', '1160260647', '2023-03-12 14:15:33', 'Professora, posso entregar o trabalho amanhã?'),
('Amanda', 'Silva', '1134567890', 'Francisco', 'Jesus', '5151079911', '2023-03-13 11:50:44', 'Prof Francisco, qual teste estatístico devo usar?'),
('Rafael', 'Oliveira', '1187654321', 'Maria Luiza', 'Costa', '3000586518', '2023-03-14 08:35:55', 'Profe, o reagente que encomendamos chegou?'),
('Fernanda', 'Costa', '1923456789', 'Anthony', 'Silveira', '7113678377', '2023-03-15 16:20:11', 'Professor, posso ampliar o escopo do projeto?'),
('Bruno', 'Pereira', '4123456789', 'Isabelly', 'da Mota', '8403413164', '2023-03-16 13:15:22', 'Profe Isabelly, achei um paper relevante para nossa pesquisa'),
('Gabriela', 'Rodrigues', '4787654321', 'Yasmin', 'Dias', '2103654145', '2023-03-17 10:50:33', 'Profe, meu código está dando erro na visualização 3D'),
('Thiago', 'Martins', '6234567890', 'Guilherme', 'Farias', '8484969653', '2023-03-18 09:25:44', 'Professor, posso repetir o experimento de óptica?'),
('Larissa', 'Alves', '6787654321', 'Clarice', 'Lima', '8156482366', '2023-03-19 14:10:55', 'Profe Clarice, não entendi o teorema da aula passada'),
('Eduardo', 'Ferreira', '7123456789', 'Lorena', 'da Mota', '5176320163', '2023-03-20 11:45:11', 'Profe Lorena, posso usar Arduino no meu projeto?');

INSERT INTO Avisos_Gerais (
    Admin_Nome, Admin_Sobrenome, Admin_Telefone,
    Usuario_Nome, Usuario_Sobrenome, Usuario_Telefone,
    Timestamp, Texto
) VALUES
('Carlos', 'Silva', '1134567899', 'João Gabriel', 'Jesus', '2182400842', '2023-04-01 10:00:00', 'Atenção: Biblioteca fechada no feriado'),
('Ana', 'Santos', '1187654329', 'Paulo', 'Caldeira', '8001334123', '2023-04-02 11:15:00', 'Inscrições abertas para o workshop de Python'),
('Roberto', 'Oliveira', '1923456787', 'Marcelo', 'Santos', '7177190659', '2023-04-03 09:30:00', 'Prazo para solicitação de bolsas até dia 15'),
('Fernanda', 'Lima', '4123456787', 'Alícia', 'Barros', '7185977034', '2023-04-04 14:45:00', 'Novos horários de atendimento da secretaria'),
('Pedro', 'Costa', '4787654329', 'Rodrigo', 'Santos', '8104499727', '2023-04-05 08:20:00', 'Manutenção nos laboratórios no próximo sábado'),
('Mariana', 'Rodrigues', '1165432198', 'Maitê', 'Cardoso', '7186578091', '2023-04-06 16:10:00', 'Resultado das monitorias disponível no site'),
('José', 'Pereira', '1198765432', 'Ian', 'Cardoso', '3159464743', '2023-04-07 10:35:00', 'Aviso: Cancelamento da aula de Probabilidade'),
('Luciana', 'Martins', '1176543210', 'João Felipe', 'da Paz', '8185884247', '2023-04-08 13:50:00', 'Oficina de carreiras dia 20/04'),
('Ricardo', 'Alves', '1154321098', 'Guilherme', 'Barbosa', '5147113826', '2023-04-09 15:25:00', 'Mudança de sala para aula de Engenharia'),
('Patrícia', 'Souza', '1132109876', 'Sarah', 'Vieira', '8493352904', '2023-04-10 09:40:00', 'Concurso de visualização de dados com prêmios'),
('Marcos', 'Ferreira', '1987654321', 'Caroline', 'Pires', '1115921249', '2023-04-11 11:55:00', 'Palestra sobre IA com pesquisador convidado'),
('Juliana', 'Castro', '1965432187', 'Joana', 'Melo', '7165604945', '2023-04-12 14:20:00', 'Atenção: Novo regulamento de estágios'),
('Rafael', 'Mendes', '1943210987', 'Amanda', 'Silva', '1134567890', '2023-04-13 08:45:00', 'Sistema acadêmico em manutenção hoje à noite'),
('Carla', 'Barbosa', '1921098765', 'Rafael', 'Oliveira', '1187654321', '2023-04-14 10:10:00', 'Inscrições abertas para intercâmbio'),
('Eduardo', 'Gomes', '1909876543', 'Fernanda', 'Costa', '1923456789', '2023-04-15 13:35:00', 'Workshop de ferramentas estatísticas'),
('Beatriz', 'Nascimento', '1887654321', 'Bruno', 'Pereira', '4123456789', '2023-04-16 15:00:00', 'Aviso: Mudança no calendário acadêmico'),
('Thiago', 'Cardoso', '1165432198', 'Gabriela', 'Rodrigues', '4787654321', '2023-04-17 09:25:00', 'Oferta de curso extra de visualização 3D'),
('Amanda', 'Rocha', '1143210987', 'Thiago', 'Martins', '6234567890', '2023-04-18 11:50:00', 'Laboratório de física com novos equipamentos'),
('Daniel', 'Viana', '1121098765', 'Larissa', 'Alves', '6787654321', '2023-04-19 14:15:00', 'Convocação para assembleia discente'),
('Larissa', 'Correia', '1109876543', 'Eduardo', 'Ferreira', '7123456789', '2023-04-20 08:40:00', 'Aviso importante sobre trancamento de matrículas');