INSERT INTO Locador (CPF, Nome, Sobrenome, DataNascimento, Rua, Numero, Bairro, Cidade, Estado, Sexo, NumeroTelefone, Email, Senha) VALUES
('123.456.789-09', 'Ana', 'Souza', '1985-03-12', 'Rua das Flores', 123, 'Centro', 'São Paulo', 'SP', 'F', '11987654321', 'ana.souza@gmail.com', 'ana123'),
('987.654.321-00', 'Bruno', 'Lima', '1990-07-25', 'Av. Brasil', 45, 'Copacabana', 'Rio de Janeiro', 'RJ', 'M', '21991234567', 'bruno.lima@yahoo.com', 'bruno456'),
('111.222.333-44', 'Carla', 'Mendes', '1988-11-30', 'Rua Verde', 67, 'Savassi', 'Belo Horizonte', 'MG', 'F', '31987654321', 'carla.mendes@uol.com.br', 'carla789'),
('555.666.777-88', 'Daniel', 'Alves', '1992-01-15', 'Rua Azul', 89, 'Água Verde', 'Curitiba', 'PR', 'M', '41999887766', 'daniel.alves@gmail.com', 'daniel321'),
('012.345.678-90', 'Eliane', 'Castro', '1975-05-10', 'Av. Paulista', 1000, 'Bela Vista', 'São Paulo', 'SP', 'F', '11999988877', 'eliane.castro@hotmail.com', 'eliane654'),
('741.852.963-00', 'Felipe', 'Nunes', '1989-09-23', 'Rua São João', 12, 'Centro', 'Belo Horizonte', 'MG', 'M', '31991234567', 'felipe.nunes@outlook.com', 'felipe987'),
('321.654.987-01', 'Gabriela', 'Rocha', '1995-06-05', 'Rua das Acácias', 77, 'Asa Sul', 'Brasília', 'DF', 'F', '61998877665', 'gabi.rocha@gmail.com', 'gabi456'),
('456.789.123-12', 'Henrique', 'Silva', '1980-12-20', 'Av. Central', 900, 'Pituba', 'Salvador', 'BA', 'M', '71991112233', 'henrique.silva@ig.com.br', 'henrique321'),
('234.567.890-33', 'Isabela', 'Freitas', '1993-04-18', 'Rua do Sol', 500, 'Moinhos de Vento', 'Porto Alegre', 'RS', 'F', '51992233445', 'isabela.freitas@gmail.com', 'isa987'),
('678.901.234-55', 'João', 'Martins', '1987-08-08', 'Rua das Palmeiras', 55, 'Moema', 'São Paulo', 'SP', 'M', '11990011223', 'joao.martins@hotmail.com', 'joao123'),
('890.123.456-66', 'Karina', 'Dias', '1991-10-22', 'Rua Rosa', 33, 'Laranjeiras', 'Rio de Janeiro', 'RJ', 'F', '21993334455', 'karina.dias@gmail.com', 'karina321'),
('135.792.468-00', 'Leonardo', 'Silva', '1984-03-03', 'Rua Azulão', 144, 'Santa Efigênia', 'Belo Horizonte', 'MG', 'M', '31994455667', 'leo.pinto@yahoo.com', 'leo654'),
('246.813.579-01', 'Mariana', 'Lopes', '1996-12-01', 'Rua da Paz', 200, 'Ipiranga', 'São Paulo', 'SP', 'F', '11995566778', 'mariana.lopes@terra.com.br', 'mari852'),
('369.258.147-22', 'Nelson', 'Barros', '1979-06-17', 'Av. das Américas', 300, 'Barra da Tijuca', 'Rio de Janeiro', 'RJ', 'M', '21990077889', 'nelson.barros@gmail.com', 'nelson741'),
('159.357.486-11', 'Olivia', 'Teixeira', '1994-02-28', 'Rua do Carmo', 77, 'Asa Norte', 'Brasília', 'DF', 'F', '61997766554', 'olivia.teixeira@uol.com.br', 'olivia963');

INSERT INTO Locatario (CPF, Nome, Sobrenome, DataNascimento, Rua, Numero, Bairro, Cidade, Estado, Sexo, NumeroTelefone, Email, Senha) VALUES
('123.456.789-09', 'Ana', 'Souza', '1985-03-12', 'Rua das Flores', 123, 'Centro', 'São Paulo', 'SP', 'F', '11987654321', 'ana.souza@gmail.com', 'ana123'),
('987.654.321-00', 'Bruno', 'Lima', '1990-07-25', 'Av. Brasil', 45, 'Copacabana', 'Rio de Janeiro', 'RJ', 'M', '21991234567', 'bruno.lima@yahoo.com', 'bruno456'),
('111.222.333-44', 'Carla', 'Mendes', '1988-11-30', 'Rua Verde', 67, 'Savassi', 'Belo Horizonte', 'MG', 'F', '31987654321', 'carla.mendes@uol.com.br', 'carla789'),
('555.666.777-88', 'Daniel', 'Alves', '1992-01-15', 'Rua Azul', 89, 'Água Verde', 'Curitiba', 'PR', 'M', '41999887766', 'daniel.alves@gmail.com', 'daniel321'),
('012.345.678-90', 'Eliane', 'Castro', '1975-05-10', 'Av. Paulista', 1000, 'Bela Vista', 'São Paulo', 'SP', 'F', '11999988877', 'eliane.castro@hotmail.com', 'eliane654'),
('741.852.963-00', 'Fernanda', 'Pereira', '1995-11-07', 'Av. ABC', 303, 'Bairro V', 'Belo Horizonte', 'MG', 'F', '31987654012', 'fernanda.pereira@yahoo.com', 'fernanda321'),
('321.654.987-01', 'Thiago', 'Ferreira', '1990-02-02', 'Rua E', 404, 'Bairro U', 'Belo Horizonte', 'MG', 'M', '31912345098', 'thiago.ferreira@hotmail.com', 'thiago567'),
('456.789.123-12', 'Juliana', 'Souza', '1983-08-12', 'Rua F', 505, 'Bairro T', 'Belo Horizonte', 'MG', 'F', '31976547896', 'juliana.souza@gmail.com', 'juliana123'),
('234.567.890-33', 'Carlos', 'Martins', '1979-03-15', 'Av. Rio', 606, 'Bairro S', 'Belo Horizonte', 'MG', 'M', '31934267890', 'carlos.martins@outlook.com', 'carlos456'),
('678.901.234-55', 'Gabriela', 'Rocha', '1992-06-30', 'Rua G', 707, 'Bairro R', 'Belo Horizonte', 'MG', 'F', '31943567891', 'gabriela.rocha@gmail.com', 'gabriela789'),
('890.123.456-66', 'Eduardo', 'Lima', '1986-09-11', 'Rua H', 808, 'Bairro Q', 'Belo Horizonte', 'MG', 'M', '31923456789', 'eduardo.lima@hotmail.com', 'eduardo123'),
('161.718.279-20', 'Jose', 'Lima', '2002-07-14', 'Rua M', 1301, 'Bairro B', 'Belo Horizonte', 'MG', 'M', '31911223344', 'jose.lima@gmail.com', 'senha789'),
('172.829.384-21', 'Sofia', 'Oliveira', '2001-08-30', 'Rua N', 1401, 'Bairro A', 'Belo Horizonte', 'MG', 'F', '31922334455', 'sofia.oliveira@hotmail.com', 'sofia123'),
('183.930.495-22', 'Lucas', 'Costa', '2000-12-02', 'Av. São Paulo', 1501, 'Centro', 'São Paulo', 'SP', 'M', '31933445566', 'lucas.costa@icloud.com', 'lucas456'),
('194.041.506-23', 'Clara', 'Pereira', '2003-03-25', 'Rua P', 1601, 'Bairro C', 'Belo Horizonte', 'MG', 'F', '31944556677', 'clara.pereira@gmail.com', 'clara789');

INSERT INTO Propriedade (Nome, Rua, Numero, Bairro, Cidade, Estado, TipoDeAluguel, NumeroDeQuartos, PrecoPorNoite, LocadorCPF, NumeroDeBanheiros, NumeroMaximoHospedes, NumeroMaximoNoites, NumeroMinimoNoites, TaxaLimpeza, DataDisponibilidade, HorarioEntrada, HorarioSaida) VALUES
('Casa da Praia', 'Rua das Palmeiras', 123, 'Praia', 'São Paulo', 'SP', 'Casa Inteira', 3, 350.00, '123.456.789-09', 2, 6, 14, 3, 100.00, '2025-06-01', '09:00', '18:00'),
('Apartamento Central', 'Av. Brasil', 456, 'Centro', 'Rio de Janeiro', 'RJ', 'Estúdio', 2, 250.00, '987.654.321-00', 1, 4, 30, 5, 80.00, '2025-06-15', '10:00', '20:00'),
('Chalé das Montanhas', 'Estrada da Serra', 789, 'Serra', 'Belo Horizonte', 'MG', 'Casa Inteira', 4, 450.00, '111.222.333-44', 3, 8, 10, 2, 120.00, '2025-06-20', '12:00', '15:30'),
('Flat Executivo', 'Rua das Flores', 101, 'Centro', 'Curitiba', 'PR', 'Quarto Individual', 1, 200.00, '555.666.777-88', 1, 2, 60, 7, 50.00, '2025-07-01', '08:00', '22:00'),
('Mansão Luxo', 'Av. dos Reis', 303, 'Jardim', 'Salvador', 'BA', 'Casa Inteira', 5, 1200.00, '012.345.678-90', 4, 12, 5, 1, 300.00, '2025-07-10', '14:00', '17:00'),
('Kitnet Urbana', 'Rua das Acácias', 210, 'Centro', 'Porto Alegre', 'RS', 'Quarto Individual', 1, 180.00, '741.852.963-00', 1, 3, 60, 10, 40.00, '2025-07-15', '10:30', '19:30'),
('Sobrado Familiar', 'Rua do Sol', 505, 'Bairro Jardim', 'Fortaleza', 'CE', 'Casa Inteira', 4, 600.00, '321.654.987-01', 3, 8, 7, 3, 150.00, '2025-08-01', '11:30', '16:00'),
('Cobertura Vista Mar', 'Av. Atlântica', 600, 'Beira Mar', 'Recife', 'PE', 'Casa Inteira', 3, 800.00, '456.789.123-12', 3, 6, 14, 2, 200.00, '2025-08-10', '07:00', '23:00'),
('Casa de Campo', 'Estrada do Interior', 150, 'Zona Rural', 'Campinas', 'SP', 'Casa Inteira', 6, 700.00, '234.567.890-33', 5, 15, 30, 5, 250.00, '2025-08-15', '11:00', '14:30'),
('Loft Moderno', 'Rua da Liberdade', 999, 'Centro', 'São Bernardo do Campo', 'SP', 'Quarto Compartilhado', 2, 350.00, '678.901.234-55', 1, 4, 14, 2, 75.00, '2025-09-01', '12:00', '21:00'),
('Apartamento Luxo', 'Av. Nova', 500, 'Centro', 'Florianópolis', 'SC', 'Casa Inteira', 3, 450.00, '890.123.456-66', 2, 6, 30, 4, 120.00, '2025-09-10', '09:00', '19:00'),
('Casa dos Lagos', 'Rua do Lago', 700, 'Bairro Lago', 'Natal', 'RN', 'Casa Inteira', 4, 750.00, '135.792.468-00', 3, 10, 7, 2, 180.00, '2025-09-15', '10:30', '16:30'),
('Apartamento Térreo', 'Rua São Paulo', 800, 'Bairro Paulista', 'Brasília', 'DF', 'Estúdio', 2, 400.00, '246.813.579-01', 2, 5, 60, 5, 100.00, '2025-09-20', '09:30', '20:30'),
('Casa do Jardim', 'Rua das Flores', 999, 'Bairro Jardim', 'Goiânia', 'GO', 'Casa Inteira', 3, 550.00, '369.258.147-22', 2, 7, 10, 3, 120.00, '2025-10-01', '11:30', '15:00'),
('Residencial Paraíso', 'Av. das Palmeiras', 120, 'Praia', 'Maceió', 'AL', 'Quarto Compartilhado', 2, 450.00, '159.357.486-11', 2, 5, 14, 4, 130.00, '2025-10-15', '09:00', '17:30'),
('Chalet Encantado', 'Estrada do Vale', 250, 'Bairro Serra', 'Vitória', 'ES', 'Casa Inteira', 3, 650.00, '123.456.789-09', 2, 8, 7, 2, 150.00, '2025-11-01', '12:00', '14:00'),
('Pousada do Sol', 'Rua das Pedras', 400, 'Centro Histórico', 'Ouro Preto', 'MG', 'Casa Inteira', 5, 600.00, '123.456.789-09', 3, 10, 30, 6, 200.00, '2025-11-15', '10:00', '18:30'),
('Casa Azul', 'Rua do Horizonte', 500, 'Bairro Azul', 'Teresina', 'PI', 'Estúdio', 2, 300.00, '123.456.789-09', 1, 4, 10, 1, 80.00, '2025-12-01', '08:30', '22:30'),
('Casa do Sol', 'Rua do Sol', 850, 'Bairro Sol', 'João Pessoa', 'PB', 'Casa Inteira', 3, 550.00, '123.456.789-09', 2, 8, 10, 3, 150.00, '2025-12-20', '11:15', '15:15'),
('Pousada Vista Mar', 'Av. do Mar', 450, 'Praia Azul', 'Porto Seguro', 'BA', 'Casa Inteira', 4, 650.00, '987.654.321-00', 3, 12, 14, 5, 170.00, '2026-01-01', '09:45', '16:45'),
('Chalé da Serra', 'Estrada das Pedras', 120, 'Serra Verde', 'Campos do Jordão', 'SP', 'Quarto Compartilhado', 2, 450.00, '987.654.321-00', 1, 4, 30, 7, 80.00, '2025-06-10', '10:30', '21:30'),
('Casa do Lago', 'Av. das Águas', 900, 'Lago Azul', 'Águas de Lindóia', 'SP', 'Casa Inteira', 5, 850.00, '987.654.321-00', 3, 10, 14, 4, 180.00, '2025-11-25', '12:30', '14:45'),
('Apartamento Central', 'Rua 15', 305, 'Centro', 'Santos', 'SP', 'Estúdio', 2, 350.00, '987.654.321-00', 1, 3, 5, 2, 50.00, '2025-08-01', '11:00', '17:45'),
('Pousada Tropical', 'Rua do Sol', 80, 'Praia do Sol', 'Balneário Camboriú', 'SC', 'Casa Inteira', 3, 400.00, '987.654.321-00', 2, 6, 12, 3, 90.00, '2025-07-15', '08:15', '20:15');

/*APENAS MAIS ENDEREÇOS E PROPRIEDADES, É IGUAL O DE CIMA*/
INSERT INTO Propriedade (Nome, Rua, Numero, Bairro, Cidade, Estado, TipoDeAluguel, NumeroDeQuartos, PrecoPorNoite, LocadorCPF, NumeroDeBanheiros, NumeroMaximoHospedes, NumeroMaximoNoites, NumeroMinimoNoites, TaxaLimpeza, DataDisponibilidade, HorarioEntrada, HorarioSaida) VALUES
('Casa Jardim Paulista', 'Rua Bela Vista', 234, 'Jardim Paulista', 'São Paulo', 'SP', 'Casa Inteira', 3, 400.00, '123.456.789-09', 2, 6, 20, 3, 110.00, '2025-06-10', '10:00', '18:00'),
('Studio Bela Cintra', 'Rua Bela Cintra', 345, 'Consolação', 'São Paulo', 'SP', 'Estúdio', 1, 280.00, '123.456.789-09', 1, 2, 15, 2, 50.00, '2025-07-01', '12:00', '20:00'),
('Apartamento Luz e Sol', 'Rua do Carmo', 98, 'Centro', 'São Paulo', 'SP', 'Estúdio', 2, 350.00, '678.901.234-55', 1, 4, 25, 3, 90.00, '2025-06-20', '11:30', '19:30'),
('Cobertura Paulista Luxo', 'Av. Paulista', 2001, 'Bela Vista', 'São Paulo', 'SP', 'Casa Inteira', 4, 950.00, '012.345.678-90', 3, 8, 14, 2, 200.00, '2025-06-25', '13:00', '21:00'),
('Vista Atlântica', 'Rua do Farol', 123, 'Beira Mar', 'Recife', 'PE', 'Casa Inteira', 4, 780.00, '456.789.123-12', 3, 8, 14, 2, 160.00, '2025-08-12', '10:00', '18:30'),
('Studio Boa Viagem', 'Av. Boa Viagem', 789, 'Boa Viagem', 'Recife', 'PE', 'Estúdio', 1, 320.00, '456.789.123-12', 1, 2, 20, 3, 70.00, '2025-07-10', '11:00', '17:00'),
('Casa Alto do Mar', 'Rua Alto do Mar', 456, 'Zona Sul', 'Recife', 'PE', 'Casa Inteira', 5, 850.00, '987.654.321-00', 4, 10, 12, 2, 190.00, '2025-08-01', '09:00', '17:30'),
('Casa do Sol Nascente', 'Rua Sol Nascente', 300, 'Praia do Futuro', 'Fortaleza', 'CE', 'Casa Inteira', 3, 580.00, '321.654.987-01', 2, 6, 10, 2, 130.00, '2025-07-20', '10:00', '18:00'),
('Apartamento Jardim Tropical', 'Rua dos Coqueiros', 55, 'Bairro Jardim', 'Fortaleza', 'CE', 'Estúdio', 2, 320.00, '321.654.987-01', 1, 4, 15, 3, 85.00, '2025-08-10', '11:00', '20:00'),
('Flat do Mar', 'Av. Oceano', 808, 'Praia', 'Fortaleza', 'CE', 'Quarto Individual', 1, 240.00, '741.852.963-00', 1, 2, 30, 5, 60.00, '2025-07-25', '12:30', '21:30'),
('Apartamento Costa Sul', 'Rua das Gaivotas', 333, 'Centro', 'Florianópolis', 'SC', 'Estúdio', 2, 380.00, '890.123.456-66', 1, 4, 20, 2, 95.00, '2025-09-12', '10:30', '18:30'),
('Casa da Ilha', 'Rua Ilha Bela', 112, 'Lagoa', 'Florianópolis', 'SC', 'Casa Inteira', 3, 650.00, '890.123.456-66', 2, 7, 14, 3, 140.00, '2025-09-25', '09:00', '16:00'),
('Chalé Encantado II', 'Estrada do Vale', 260, 'Bairro Serra', 'Vitória', 'ES', 'Casa Inteira', 3, 670.00, '123.456.789-09', 2, 8, 10, 2, 150.00, '2025-11-10', '12:00', '14:00'),
('Casa Mirante Serra', 'Rua das Nuvens', 188, 'Bairro Serra', 'Vitória', 'ES', 'Casa Inteira', 4, 720.00, '111.222.333-44', 3, 9, 12, 3, 170.00, '2025-11-20', '10:00', '16:30');

INSERT INTO Quarto (PropriedadeRua, PropriedadeNumero, PropriedadeBairro, PropriedadeCidade, PropriedadeEstado, NumeroQuarto, NumeroCamas, BanheiroPrivativo) VALUES
('Rua das Palmeiras', 123, 'Praia', 'São Paulo', 'SP', 101, 2, TRUE),
('Av. Brasil', 456, 'Centro', 'Rio de Janeiro', 'RJ', 201, 3, FALSE),
('Estrada da Serra', 789, 'Serra', 'Belo Horizonte', 'MG', 102, 1, TRUE),
('Rua das Flores', 101, 'Centro', 'Curitiba', 'PR', 202, 2, FALSE),
('Av. dos Reis', 303, 'Jardim', 'Salvador', 'BA', 103, 1, TRUE),
('Rua das Acácias', 210, 'Centro', 'Porto Alegre', 'RS', 203, 2, TRUE),
('Rua do Sol', 505, 'Bairro Jardim', 'Fortaleza', 'CE', 104, 3, FALSE),
('Av. Atlântica', 600, 'Beira Mar', 'Recife', 'PE', 204, 2, TRUE),
('Estrada do Interior', 150, 'Zona Rural', 'Campinas', 'SP', 105, 1, FALSE),
('Rua da Liberdade', 999, 'Centro', 'São Bernardo do Campo', 'SP', 205, 2, TRUE),
('Av. Nova', 500, 'Centro', 'Florianópolis', 'SC', 106, 1, FALSE),
('Rua do Lago', 700, 'Bairro Lago', 'Natal', 'RN', 206, 2, TRUE),
('Rua São Paulo', 800, 'Bairro Paulista', 'Brasília', 'DF', 107, 3, FALSE),
('Rua das Flores', 999, 'Bairro Jardim', 'Goiânia', 'GO', 207, 1, TRUE),
('Av. das Palmeiras', 120, 'Praia', 'Maceió', 'AL', 108, 2, FALSE);

INSERT INTO Reserva (NumeroReserva, DataCheckIn, DataCheckOut, DataReserva, NumeroHospedes, PropriedadeRua, PropriedadeNumero, PropriedadeBairro, PropriedadeCidade, PropriedadeEstado, LocatarioCPF, Imposto, PrecoTotal, Confirmada) VALUES
('R0001', '2025-05-15', '2025-05-23', '2025-05-10', 2, 'Rua das Acácias', 210, 'Centro', 'Porto Alegre', 'RS', '987.654.321-00', 382.6, 3826, TRUE),
('R0002', '2025-05-27', '2025-06-02', '2025-05-09', 1, 'Av. Nova', 500, 'Centro', 'Florianópolis', 'SC', '741.852.963-00', 563.0, 5630, TRUE),
('R0003', '2025-06-03', '2025-06-10', '2025-05-23', 5, 'Rua do Sol', 505, 'Bairro Jardim', 'Fortaleza', 'CE', '111.222.333-44', 607.6, 6076, TRUE),
('R0004', '2025-05-05', '2025-05-10', '2025-04-25', 5, 'Rua São Paulo', 800, 'Bairro Paulista', 'Brasília', 'DF', '741.852.963-00', 433.9, 4339, TRUE),
('R0005', '2025-05-21', '2025-05-24', '2025-05-13', 1, 'Rua do Sol', 80, 'Praia do Sol', 'Balneário Camboriú', 'SC', '456.789.123-12', 686.3, 6863, TRUE),
('R0006', '2025-05-18', '2025-05-22', '2025-05-15', 2, 'Rua São Paulo', 800, 'Bairro Paulista', 'Brasília', 'DF', '161.718.279-20', 785.0, 7850, TRUE),
('R0007', '2025-05-20', '2025-05-30', '2025-05-01', 1, 'Rua do Sol', 505, 'Bairro Jardim', 'Fortaleza', 'CE', '123.456.789-09', 588.6, 5886, TRUE),
('R0008', '2025-05-14', '2025-05-16', '2025-05-11', 4, 'Rua São Paulo', 800, 'Bairro Paulista', 'Brasília', 'DF', '741.852.963-00', 648.2, 6482, TRUE),
('R0009', '2025-04-24', '2025-04-30', '2025-04-10', 2, 'Rua das Pedras', 400, 'Centro Histórico', 'Ouro Preto', 'MG', '123.456.789-09', 780.6, 7806, TRUE),
('R0010', '2025-05-01', '2025-05-08', '2025-04-24', 1, 'Rua do Lago', 700, 'Bairro Lago', 'Natal', 'RN', '321.654.987-01', 524.9, 5249, TRUE),
('R0011', '2025-04-26', '2025-05-05', '2025-04-14', 5, 'Rua do Sol', 505, 'Bairro Jardim', 'Fortaleza', 'CE', '890.123.456-66', 765.3, 7653, TRUE),
('R0012', '2025-05-29', '2025-06-05', '2025-05-21', 1, 'Rua São Paulo', 800, 'Bairro Paulista', 'Brasília', 'DF', '321.654.987-01', 687.3, 6873, TRUE),
('R0013', '2025-05-07', '2025-05-12', '2025-05-01', 2, 'Rua das Flores', 999, 'Bairro Jardim', 'Goiânia', 'GO', '987.654.321-00', 517.0, 5170, TRUE),
('R0014', '2025-05-11', '2025-05-16', '2025-05-02', 5, 'Av. Nova', 500, 'Centro', 'Florianópolis', 'SC', '890.123.456-66', 633.2, 6332, FALSE),
('R0015', '2025-05-06', '2025-05-12', '2025-04-29', 3, 'Rua das Flores', 101, 'Centro', 'Curitiba', 'PR', '555.666.777-88', 514.4, 5144, FALSE),
('R0016', '2025-05-08', '2025-05-14', '2025-04-26', 3, 'Rua das Acácias', 210, 'Centro', 'Porto Alegre', 'RS', '456.789.123-12', 689.6, 6896, FALSE),
('R0017', '2025-05-12', '2025-05-18', '2025-05-01', 3, 'Rua das Acácias', 210, 'Centro', 'Porto Alegre', 'RS', '161.718.279-20', 729.3, 7293, FALSE),
('R0018', '2025-04-25', '2025-05-01', '2025-04-12', 2, 'Rua do Sol', 505, 'Bairro Jardim', 'Fortaleza', 'CE', '987.654.321-00', 770.0, 7700, FALSE),
('R0019', '2025-05-05', '2025-05-13', '2025-04-30', 3, 'Rua do Lago', 700, 'Bairro Lago', 'Natal', 'RN', '890.123.456-66', 732.5, 7325, FALSE),
('R0020', '2025-05-19', '2025-05-29', '2025-05-16', 1, 'Rua das Flores', 999, 'Bairro Jardim', 'Goiânia', 'GO', '678.901.234-55', 539.0, 5390, FALSE),
('R0021', '2025-06-01', '2025-06-07', '2025-05-20', 2, 'Rua das Palmeiras', 123, 'Praia', 'São Paulo', 'SP', '012.345.678-90', 615.0, 6150, TRUE),
('R0022', '2025-06-10', '2025-06-15', '2025-05-28', 3, 'Estrada do Vale', 250, 'Bairro Serra', 'Vitória', 'ES', '183.930.495-22', 527.5, 5275, TRUE),
('R0023', '2025-06-05', '2025-06-12', '2025-05-27', 1, 'Rua do Horizonte', 500, 'Bairro Azul', 'Teresina', 'PI', '234.567.890-33', 472.0, 4720, TRUE),
('R0024', '2025-06-03', '2025-06-09', '2025-05-25', 4, 'Rua do Sol', 850, 'Bairro Sol', 'João Pessoa', 'PB', '194.041.506-23', 568.0, 5680, TRUE),
('R0025', '2025-06-08', '2025-06-15', '2025-05-29', 2, 'Av. Brasil', 456, 'Centro', 'Rio de Janeiro', 'RJ', '161.718.279-20', 732.4, 7324, TRUE),
('R0026', '2025-06-14', '2025-06-20', '2025-06-01', 5, 'Av. do Mar', 450, 'Praia Azul', 'Porto Seguro', 'BA', '456.789.123-12', 689.0, 6890, TRUE),
('R0027', '2025-06-16', '2025-06-22', '2025-06-04', 3, 'Estrada das Pedras', 120, 'Serra Verde', 'Campos do Jordão', 'SP', '678.901.234-55', 598.8, 5988, TRUE),
('R0028', '2025-06-18', '2025-06-24', '2025-06-05', 2, 'Av. das Águas', 900, 'Lago Azul', 'Águas de Lindóia', 'SP', '123.456.789-09', 555.6, 5556, TRUE),
('R0029', '2025-06-20', '2025-06-26', '2025-06-06', 1, 'Rua 15', 305, 'Centro', 'Santos', 'SP', '987.654.321-00', 489.3, 4893, TRUE);

INSERT INTO ContaBancaria (NumeroConta, LocadorCPF, Agencia, TipoConta) VALUES
('9876543210', '123.456.789-09', 1234, 'Corrente'),
('8765432109', '987.654.321-00', 4321, 'Poupança'),
('7654321098', '111.222.333-44', 5678, 'Corrente'),
('6543210987', '555.666.777-88', 8765, 'Poupança'),
('5432109876', '012.345.678-90', 1234, 'Corrente'),
('4321098765', '741.852.963-00', 4321, 'Poupança'),
('3210987654', '321.654.987-01', 5678, 'Corrente'),
('2109876543', '456.789.123-12', 8765, 'Poupança'),
('1098765432', '234.567.890-33', 1234, 'Corrente'),
('1987654321', '678.901.234-55', 4321, 'Poupança'),
('9876543220', '890.123.456-66', 5678, 'Corrente'),
('8765432110', '135.792.468-00', 8765, 'Poupança'),
('7654321100', '246.813.579-01', 1234, 'Corrente'),
('5432109887', '369.258.147-22', 4321, 'Poupança'),
('4321098777', '159.357.486-11', 5678, 'Corrente');

INSERT INTO Localizacao (CEP, NumeroCasa, PropriedadeRua, PropriedadeNumero, PropriedadeBairro, PropriedadeCidade, PropriedadeEstado, Pais, PontosDeInteresse) VALUES
('01000-000', '123', 'Rua das Palmeiras', '123', 'Praia', 'São Paulo', 'SP', 'Brasil', 'Parque Ibirapuera, Mercado Municipal'),
('20000-000', '456', 'Av. Brasil', '456', 'Centro', 'Rio de Janeiro', 'RJ', 'Brasil', 'Cristo Redentor, Praia de Copacabana'),
('30000-000', '789', 'Estrada da Serra', '789', 'Serra', 'Belo Horizonte', 'MG', 'Brasil', 'Mercado Central, Praça da Liberdade'),
('80000-000', '101', 'Rua das Flores', '101', 'Centro', 'Curitiba', 'PR', 'Brasil', 'Jardim Botânico, Museu Oscar Niemeyer'),
('40000-000', '303', 'Av. dos Reis', '303', 'Jardim', 'Salvador', 'BA', 'Brasil', 'Elevador Lacerda, Igreja Bonfim'),
('90000-000', '210', 'Rua das Acácias', '210', 'Centro', 'Porto Alegre', 'RS', 'Brasil', 'Mercado Público, Usina do Gasômetro'),
('60000-000', '505', 'Rua do Sol', '505', 'Bairro Jardim', 'Fortaleza', 'CE', 'Brasil', 'Mercado Central, Praia do Futuro'),
('50000-000', '600', 'Av. Atlântica', '600', 'Beira Mar', 'Recife', 'PE', 'Brasil', 'Marco Zero, Praia de Boa Viagem'),
('13000-000', '150', 'Estrada do Interior', '150', 'Zona Rural', 'Campinas', 'SP', 'Brasil', 'Parque Portugal, Mercado Municipal'),
('09700-000', '999', 'Rua da Liberdade', '999', 'Centro', 'São Bernardo do Campo', 'SP', 'Brasil', 'Igreja Matriz, Shopping Metropolitano'),
('88000-000', '500', 'Av. Nova', '500', 'Centro', 'Florianópolis', 'SC', 'Brasil', 'Mercado Público, Praça XV'),
('59000-000', '700', 'Rua do Lago', '700', 'Bairro Lago', 'Natal', 'RN', 'Brasil', 'Praia de Ponta Negra, Forte dos Reis Magos'),
('70000-000', '800', 'Rua São Paulo', '800', 'Bairro Paulista', 'Brasília', 'DF', 'Brasil', 'Congresso Nacional, Catedral de Brasília'),
('74000-000', '999', 'Rua das Flores', '999', 'Bairro Jardim', 'Goiânia', 'GO', 'Brasil', 'Parque Flamboyant, Praça Cívica'),
('57000-000', '120', 'Av. das Palmeiras', '120', 'Praia', 'Maceió', 'AL', 'Brasil', 'Praia do Francês, Mercado do Artesanato');

INSERT INTO Avaliacao (PropriedadeRua, PropriedadeNumero, PropriedadeBairro, PropriedadeCidade, PropriedadeEstado, NumeroAvaliacao, Mensagem, Fotos, Limpeza, ClassificacaoLimpeza, LocatarioCPF, ClassificacaoEstrutura, NotasParaAnfitriao, NotasParaLocalizacao, NotasParaValor) VALUES
('Rua das Palmeiras', 123, 'Praia', 'São Paulo', 'SP', 1, 'Excelente localização, muito boa acomodação.', NULL, 5, 5, '123.456.789-09', 4, 5, 5, 4),
('Av. Brasil', 456, 'Centro', 'Rio de Janeiro', 'RJ', 2, 'Conforto e praticidade.', NULL, 4, 4, '987.654.321-00', 4, 5, 5, 5),
('Estrada da Serra', 789, 'Serra', 'Belo Horizonte', 'MG', 3, 'Ótima estrutura, porém a limpeza deixou a desejar.', NULL, 3, 2, '111.222.333-44', 5, 4, 3, 4),
('Rua das Flores', 101, 'Centro', 'Curitiba', 'PR', 4, 'Bom para quem busca um lugar calmo.', NULL, 5, 5, '555.666.777-88', 4, 4, 5, 3),
('Av. dos Reis', 303, 'Jardim', 'Salvador', 'BA', 5, 'Ótimo lugar para relaxar.', NULL, 4, 4, '012.345.678-90', 5, 5, 4, 4),
('Rua das Acácias', 210, 'Centro', 'Porto Alegre', 'RS', 6, 'A localização é perfeita, perto de tudo.', NULL, 5, 5, '741.852.963-00', 4, 5, 5, 5),
('Rua do Sol', 505, 'Bairro Jardim', 'Fortaleza', 'CE', 7, 'Aconchegante, mas o banheiro precisa de melhorias.', NULL, 3, 3, '321.654.987-01', 4, 4, 4, 3),
('Av. Atlântica', 600, 'Beira Mar', 'Recife', 'PE', 8, 'Muito bom, recomendo.', NULL, 5, 5, '456.789.123-12', 5, 5, 5, 5),
('Estrada do Interior', 150, 'Zona Rural', 'Campinas', 'SP', 9, 'Tranquilo e relaxante, porém sem muito comércio perto.', NULL, 4, 4, '234.567.890-33', 3, 3, 3, 4),
('Rua da Liberdade', 999, 'Centro', 'São Bernardo do Campo', 'SP', 10, 'Ideal para quem gosta de conforto e localização central.', NULL, 5, 5, '678.901.234-55', 5, 5, 5, 4),
('Av. Nova', 500, 'Centro', 'Florianópolis', 'SC', 11, 'Limpeza excelente, muito organizado.', NULL, 5, 5, '890.123.456-66', 4, 5, 5, 4),
('Rua do Lago', 700, 'Bairro Lago', 'Natal', 'RN', 12, 'Vista maravilhosa, mas o conforto poderia melhorar.', NULL, 4, 3, '161.718.279-20', 3, 4, 5, 4),
('Rua São Paulo', 800, 'Bairro Paulista', 'Brasília', 'DF', 13, 'Acomodação boa, mas a limpeza precisa de mais atenção.', NULL, 3, 2, '172.829.384-21', 4, 3, 4, 3),
('Rua das Flores', 999, 'Bairro Jardim', 'Goiânia', 'GO', 14, 'Excelente lugar para ficar com a família.', NULL, 5, 5, '183.930.495-22', 5, 5, 5, 5),
('Av. das Palmeiras', 120, 'Praia', 'Maceió', 'AL', 15, 'Local perfeito para férias, perto da praia.', NULL, 5, 5, '194.041.506-23', 4, 5, 5, 5);

INSERT INTO Mensagem (Remetente, Data, Hora, Destinatario, Texto) VALUES
('karina.dias@gmail.com', '2025-05-05', '21:27', 'sofia.oliveira@hotmail.com', 'A localização é excelente, perto de tudo.'),
('felipe.nunes@outlook.com', '2025-05-06', '03:37', 'clara.pereira@gmail.com', 'Muito obrigado pela estadia incrível!'),
('joao.martins@hotmail.com', '2025-05-01', '15:26', 'karina.dias@gmail.com', 'Voltaria a me hospedar novamente com certeza.'),
('felipe.nunes@outlook.com', '2025-05-03', '14:01', 'carlos.martins@outlook.com', 'Fiquei satisfeito com o custo-benefício.'),
('mariana.lopes@terra.com.br', '2025-05-02', '15:24', 'clara.pereira@gmail.com', 'Tive um pequeno problema com o Wi-Fi, mas o restante foi ótimo.'),
('joao.martins@hotmail.com', '2025-05-02', '19:39', 'felipe.nunes@outlook.com', 'A comunicação com o anfitrião foi ótima.'),
('felipe.nunes@outlook.com', '2025-05-03', '13:28', 'thiago.ferreira@hotmail.com', 'Tudo ocorreu conforme o esperado, recomendo.'),
('felipe.nunes@outlook.com', '2025-05-06', '07:36', 'jose.lima@gmail.com', 'Houve um problema com a chave, mas foi resolvido rapidamente.'),
('nelson.barros@gmail.com', '2025-05-01', '15:55', 'felipe.nunes@outlook.com', 'Voltaria a me hospedar novamente com certeza.'),
('henrique.silva@ig.com.br', '2025-05-04', '14:18', 'karina.dias@gmail.com', 'A limpeza poderia ser melhor.'),
('mariana.lopes@terra.com.br', '2025-05-03', '00:34', 'joao.martins@hotmail.com', 'Achei o local um pouco barulhento à noite.'),
('karina.dias@gmail.com', '2025-05-04', '14:26', 'felipe.nunes@outlook.com', 'A comunicação com o anfitrião foi ótima.'),
('mariana.lopes@terra.com.br', '2025-05-06', '02:33', 'thiago.ferreira@hotmail.com', 'Tive um pequeno problema com o Wi-Fi, mas o restante foi ótimo.'),
('felipe.nunes@outlook.com', '2025-05-04', '07:06', 'karina.dias@gmail.com', 'Muito obrigado pela estadia incrível!'),
('joao.martins@hotmail.com', '2025-05-02', '01:37', 'henrique.silva@ig.com.br', 'Tudo ocorreu conforme o esperado, recomendo.');

INSERT INTO Envia (Remetente, Data, Hora, Destinatario, LocadorCPF, LocatarioCPF) VALUES
('karina.dias@gmail.com', '2025-05-05', '21:27', 'sofia.oliveira@hotmail.com', '890.123.456-66', '172.829.384-21'),
('felipe.nunes@outlook.com', '2025-05-06', '03:37', 'clara.pereira@gmail.com', '741.852.963-00', '194.041.506-23'),
('joao.martins@hotmail.com', '2025-05-01', '15:26', 'karina.dias@gmail.com', '678.901.234-55', '890.123.456-66'),
('felipe.nunes@outlook.com', '2025-05-03', '14:01', 'carlos.martins@outlook.com', '741.852.963-00', '234.567.890-33'),
('mariana.lopes@terra.com.br', '2025-05-02', '15:24', 'clara.pereira@gmail.com', '246.813.579-01', '194.041.506-23'),
('joao.martins@hotmail.com', '2025-05-02', '19:39', 'felipe.nunes@outlook.com', '678.901.234-55', '741.852.963-00'),
('felipe.nunes@outlook.com', '2025-05-03', '13:28', 'thiago.ferreira@hotmail.com', '741.852.963-00', '321.654.987-01'),
('felipe.nunes@outlook.com', '2025-05-06', '07:36', 'jose.lima@gmail.com', '741.852.963-00', '161.718.279-20'),
('nelson.barros@gmail.com', '2025-05-01', '15:55', 'felipe.nunes@outlook.com', '369.258.147-22', '741.852.963-00'),
('henrique.silva@ig.com.br', '2025-05-04', '14:18', 'karina.dias@gmail.com', '456.789.123-12', '890.123.456-66'),
('mariana.lopes@terra.com.br', '2025-05-03', '00:34', 'joao.martins@hotmail.com', '246.813.579-01', '678.901.234-55'),
('karina.dias@gmail.com', '2025-05-04', '14:26', 'felipe.nunes@outlook.com', '890.123.456-66', '741.852.963-00'),
('mariana.lopes@terra.com.br', '2025-05-06', '02:33', 'thiago.ferreira@hotmail.com', '246.813.579-01', '321.654.987-01'),
('felipe.nunes@outlook.com', '2025-05-04', '07:06', 'karina.dias@gmail.com', '741.852.963-00', '890.123.456-66'),
('joao.martins@hotmail.com', '2025-05-02', '01:37', 'henrique.silva@ig.com.br', '678.901.234-55', '456.789.123-12');

INSERT INTO Pesquisa (LocatarioCPF, PropriedadeRua, PropriedadeNumero, PropriedadeBairro, PropriedadeCidade, PropriedadeEstado) VALUES
('123.456.789-09', 'Rua das Palmeiras', 123, 'Praia', 'São Paulo', 'SP'),
('987.654.321-00', 'Av. Brasil', 456, 'Centro', 'Rio de Janeiro', 'RJ'),
('111.222.333-44', 'Estrada da Serra', 789, 'Serra', 'Belo Horizonte', 'MG'),
('555.666.777-88', 'Rua das Flores', 101, 'Centro', 'Curitiba', 'PR'),
('012.345.678-90', 'Av. dos Reis', 303, 'Jardim', 'Salvador', 'BA'),
('741.852.963-00', 'Rua das Acácias', 210, 'Centro', 'Porto Alegre', 'RS'),
('321.654.987-01', 'Rua do Sol', 505, 'Bairro Jardim', 'Fortaleza', 'CE'),
('456.789.123-12', 'Av. Atlântica', 600, 'Beira Mar', 'Recife', 'PE'),
('234.567.890-33', 'Estrada do Interior', 150, 'Zona Rural', 'Campinas', 'SP'),
('678.901.234-55', 'Rua da Liberdade', 999, 'Centro', 'São Bernardo do Campo', 'SP'),
('890.123.456-66', 'Av. Nova', 500, 'Centro', 'Florianópolis', 'SC'),
('161.718.279-20', 'Rua do Lago', 700, 'Bairro Lago', 'Natal', 'RN'),
('172.829.384-21', 'Rua São Paulo', 800, 'Bairro Paulista', 'Brasília', 'DF'),
('183.930.495-22', 'Rua das Flores', 999, 'Bairro Jardim', 'Goiânia', 'GO'),
('194.041.506-23', 'Av. das Palmeiras', 120, 'Praia', 'Maceió', 'AL');

INSERT INTO Deposita (LocadorCPF, LocatarioCPF, Valor) VALUES
('321.654.987-01', '123.456.789-09', 1780),
('123.456.789-09', '987.654.321-00', 3200),
('741.852.963-00', '111.222.333-44', 2540),
('456.789.123-12', '555.666.777-88', 1890),
('678.901.234-55', '012.345.678-90', 4100),
('890.123.456-66', '741.852.963-00', 980),
('111.222.333-44', '321.654.987-01', 3670),
('987.654.321-00', '456.789.123-12', 2150),
('555.666.777-88', '234.567.890-33', 2980),
('159.357.486-11', '678.901.234-55', 1320),
('246.813.579-01', '890.123.456-66', 4300),
('012.345.678-90', '161.718.279-20', 2480),
('369.258.147-22', '172.829.384-21', 3700),
('135.792.468-00', '183.930.495-22', 2960),
('234.567.890-33', '194.041.506-23', 1650);
